Workbook

Sheet Formula1_2023season_raceResults
A1: Track | B1: Position | C1: No | D1: Driver | E1: Team | F1: Starting Grid | G1: Laps | H1: Time/Retired | I1: Points | J1: Set Fastest Lap | K1: Fastest Lap Time | L1: Track Index
A2: Bahrain | B2: 1 | C2: 1 | D2: Max Verstappen | E2: Red Bull Racing Honda RBPT | F2: 1 | G2: 57 | H2: 0.06524 | I2: 25 | J2: No | K2: 0.0011138426 | L2: 1
A3: Bahrain | B3: 2 | C3: 11 | D3: Sergio Perez | E3: Red Bull Racing Honda RBPT | F3: 2 | G3: 57 | H3: 11.987 | I3: 18 | J3: No | K3: 0.0011150926 | L3: 1
A4: Bahrain | B4: 3 | C4: 14 | D4: Fernando Alonso | E4: Aston Martin Aramco Mercedes | F4: 5 | G4: 57 | H4: 38.637 | I4: 15 | J4: No | K4: 0.0011129167 | L4: 1
A5: Bahrain | B5: 4 | C5: 55 | D5: Carlos Sainz | E5: Ferrari | F5: 4 | G5: 57 | H5: 48.052 | I5: 12 | J5: No | K5: 0.0011241898 | L5: 1
A6: Bahrain | B6: 5 | C6: 44 | D6: Lewis Hamilton | E6: Mercedes | F6: 7 | G6: 57 | H6: 50.977 | I6: 10 | J6: No | K6: 0.0011174306 | L6: 1
A7: Bahrain | B7: 6 | C7: 18 | D7: Lance Stroll | E7: Aston Martin Aramco Mercedes | F7: 8 | G7: 57 | H7: 54.502 | I7: 8 | J7: No | K7: 0.0011174306 | L7: 1
A8: Bahrain | B8: 7 | C8: 63 | D8: George Russell | E8: Mercedes | F8: 6 | G8: 57 | H8: 55.873 | I8: 6 | J8: No | K8: 0.0011252431 | L8: 1
A9: Bahrain | B9: 8 | C9: 77 | D9: Valtteri Bottas | E9: Alfa Romeo Ferrari | F9: 12 | G9: 57 | H9: 72.647 | I9: 4 | J9: No | K9: 0.0011270718 | L9: 1
A10: Bahrain | B10: 9 | C10: 10 | D10: Pierre Gasly | E10: Alpine Renault | F10: 20 | G10: 57 | H10: 73.753 | I10: 2 | J10: No | K10: 0.0011003241 | L10: 1
A11: Bahrain | B11: 10 | C11: 23 | D11: Alexander Albon | E11: Williams Mercedes | F11: 15 | G11: 57 | H11: 89.774 | I11: 1 | J11: No | K11: 0.0011243519 | L11: 1
A12: Bahrain | B12: 11 | C12: 22 | D12: Yuki Tsunoda | E12: AlphaTauri Honda RBPT | F12: 14 | G12: 57 | H12: 90.87 | I12: 0 | J12: No | K12: 0.0011184838 | L12: 1
A13: Bahrain | B13: 12 | C13: 2 | D13: Logan Sargeant | E13: Williams Mercedes | F13: 16 | G13: 56 | H13: +1 lap | I13: 0 | J13: No | K13: 0.0011115394 | L13: 1
A14: Bahrain | B14: 13 | C14: 20 | D14: Kevin Magnussen | E14: Haas Ferrari | F14: 17 | G14: 56 | H14: +1 lap | I14: 0 | J14: No | K14: 0.0011165625 | L14: 1
A15: Bahrain | B15: 14 | C15: 21 | D15: Nyck De Vries | E15: AlphaTauri Honda RBPT | F15: 19 | G15: 56 | H15: +1 lap | I15: 0 | J15: No | K15: 0.0011308912 | L15: 1
A16: Bahrain | B16: 15 | C16: 27 | D16: Nico Hulkenberg | E16: Haas Ferrari | F16: 10 | G16: 56 | H16: +1 lap | I16: 0 | J16: No | K16: 0.0011182407 | L16: 1
A17: Bahrain | B17: 16 | C17: 24 | D17: Guanyu Zhou | E17: Alfa Romeo Ferrari | F17: 13 | G17: 56 | H17: +1 lap | I17: 0 | J17: Yes | K17: 0.0010879167 | L17: 1
A18: Bahrain | B18: 17 | C18: 4 | D18: Lando Norris | E18: McLaren Mercedes | F18: 11 | G18: 55 | H18: +2 laps | I18: 0 | J18: No | K18: 0.0011090509 | L18: 1
A19: Bahrain | B19: NC | C19: 31 | D19: Esteban Ocon | E19: Alpine Renault | F19: 9 | G19: 41 | H19: DNF | I19: 0 | J19: No | K19: 0.0011203356 | L19: 1
A20: Bahrain | B20: NC | C20: 16 | D20: Charles Leclerc | E20: Ferrari | F20: 3 | G20: 39 | H20: DNF | I20: 0 | J20: No | K20: 0.0011246528 | L20: 1
A21: Bahrain | B21: NC | C21: 81 | D21: Oscar Piastri | E21: McLaren Mercedes | F21: 18 | G21: 13 | H21: DNF | I21: 0 | J21: No | K21: 0.0011654051 | L21: 1
A22: Saudi Arabia | B22: 1 | C22: 11 | D22: Sergio Perez | E22: Red Bull Racing Honda RBPT | F22: 1 | G22: 50 | H22: 0.056422384 | I22: 25 | J22: No | K22: 0.0010669907 | L22: =L2+1 -> 2
A23: Saudi Arabia | B23: 2 | C23: 1 | D23: Max Verstappen | E23: Red Bull Racing Honda RBPT | F23: 15 | G23: 50 | H23: 5.335 | I23: 19 | J23: Yes | K23: 0.0010637269 | L23: =L3+1 -> 2
A24: Saudi Arabia | B24: 3 | C24: 14 | D24: Fernando Alonso | E24: Aston Martin Aramco Mercedes | F24: 2 | G24: 50 | H24: 20.728 | I24: 15 | J24: No | K24: 0.0010675926 | L24: =L4+1 -> 2
A25: Saudi Arabia | B25: 4 | C25: 63 | D25: George Russell | E25: Mercedes | F25: 3 | G25: 50 | H25: 25.866 | I25: 12 | J25: No | K25: 0.0010698264 | L25: =L5+1 -> 2
A26: Saudi Arabia | B26: 5 | C26: 44 | D26: Lewis Hamilton | E26: Mercedes | F26: 7 | G26: 50 | H26: 31.065 | I26: 10 | J26: No | K26: 0.001075706 | L26: =L6+1 -> 2
A27: Saudi Arabia | B27: 6 | C27: 55 | D27: Carlos Sainz | E27: Ferrari | F27: 4 | G27: 50 | H27: 35.876 | I27: 8 | J27: No | K27: 0.0010743287 | L27: =L7+1 -> 2
A28: Saudi Arabia | B28: 7 | C28: 16 | D28: Charles Leclerc | E28: Ferrari | F28: 12 | G28: 50 | H28: 43.162 | I28: 6 | J28: No | K28: 0.001077037 | L28: =L8+1 -> 2
A29: Saudi Arabia | B29: 8 | C29: 31 | D29: Esteban Ocon | E29: Alpine Renault | F29: 6 | G29: 50 | H29: 52.832 | I29: 4 | J29: No | K29: 0.0010789583 | L29: =L9+1 -> 2
A30: Saudi Arabia | B30: 9 | C30: 10 | D30: Pierre Gasly | E30: Alpine Renault | F30: 9 | G30: 50 | H30: 54.747 | I30: 2 | J30: No | K30: 0.0010809259 | L30: =L10+1 -> 2
A31: Saudi Arabia | B31: 10 | C31: 20 | D31: Kevin Magnussen | E31: Haas Ferrari | F31: 13 | G31: 50 | H31: 64.826 | I31: 1 | J31: No | K31: 0.0010807176 | L31: =L11+1 -> 2
A32: Saudi Arabia | B32: 11 | C32: 22 | D32: Yuki Tsunoda | E32: AlphaTauri Honda RBPT | F32: 16 | G32: 50 | H32: 67.494 | I32: 0 | J32: No | K32: 0.0010871644 | L32: =L12+1 -> 2
A33: Saudi Arabia | B33: 12 | C33: 27 | D33: Nico Hulkenberg | E33: Haas Ferrari | F33: 10 | G33: 50 | H33: 70.588 | I33: 0 | J33: No | K33: 0.0010854167 | L33: =L13+1 -> 2
... A38: Saudi Arabia | B38: 17 | C38: 4 | D38: Lando Norris | E38: McLaren Mercedes | F38: 19 | G38: 50 | H38: 86.445 | I38: 0 | J38: No | K38: 0.001089375 | L38: =L18+1 -> 2
A39: Saudi Arabia | B39: 18 | C39: 77 | D39: Valtteri Bottas | E39: Alfa Romeo Ferrari | F39: 14 | G39: 49 | H39: +1 lap | I39: 0 | J39: No | K39: 0.0010924074 | L39: =L19+1 -> 2
A40: Saudi Arabia | B40: NC | C40: 23 | D40: Alexander Albon | E40: Williams Mercedes | F40: 17 | G40: 27 | H40: DNF | I40: 0 | J40: No | K40: 0.0011060995 | L40: =L20+1 -> 2
A41: Saudi Arabia | B41: NC | C41: 18 | D41: Lance Stroll | E41: Aston Martin Aramco Mercedes | F41: 5 | G41: 16 | H41: DNF | I41: 0 | J41: No | K41: 0.0011011574 | L41: =L21+1 -> 2
A42: Australia | B42: 1 | C42: 1 | D42: Max Verstappen | E42: Red Bull Racing Honda RBPT | F42: 1 | G42: 58 | H42: 0.10588392 | I42: 25 | J42: No | K42: 0.00092988426 | L42: =L22+1 -> 3
A43: Australia | B43: 2 | C43: 44 | D43: Lewis Hamilton | E43: Mercedes | F43: 3 | G43: 58 | H43: 0.179 | I43: 18 | J43: No | K43: 0.00093302083 | L43: =L23+1 -> 3
A44: Australia | B44: 3 | C44: 14 | D44: Fernando Alonso | E44: Aston Martin Aramco Mercedes | F44: 4 | G44: 58 | H44: 0.769 | I44: 15 | J44: No | K44: 0.00093143519 | L44: =L24+1 -> 3
A45: Australia | B45: 4 | C45: 18 | D45: Lance Stroll | E45: Aston Martin Aramco Mercedes | F45: 6 | G45: 58 | H45: 3.082 | I45: 12 | J45: No | K45: 0.00093673611 | L45: =L25+1 -> 3
A46: Australia | B46: 5 | C46: 11 | D46: Sergio Perez | E46: Red Bull Racing Honda RBPT | F46: 20 | G46: 58 | H46: 3.32 | I46: 11 | J46: Yes | K46: 0.00092864583 | L46: =L26+1 -> 3
A47: Australia | B47: 6 | C47: 4 | D47: Lando Norris | E47: McLaren Mercedes | F47: 13 | G47: 58 | H47: 3.701 | I47: 8 | J47: No | K47: 0.00093950231 | L47: =L27+1 -> 3
A48: Australia | B48: 7 | C48: 27 | D48: Nico Hulkenberg | E48: Haas Ferrari | F48: 10 | G48: 58 | H48: 4.939 | I48: 6 | J48: No | K48: 0.00093893519 | L48: =L28+1 -> 3
A49: Australia | B49: 8 | C49: 81 | D49: Oscar Piastri | E49: McLaren Mercedes | F49: 16 | G49: 58 | H49: 5.382 | I49: 4 | J49: No | K49: 0.00094137731 | L49: =L29+1 -> 3
A50: Australia | B50: 9 | C50: 24 | D50: Guanyu Zhou | E50: Alfa Romeo Ferrari | F50: 17 | G50: 58 | H50: 5.713 | I50: 2 | J50: No | K50: 0.00094697917 | L50: =L30+1 -> 3
A51: Australia | B51: 10 | C51: 22 | D51: Yuki Tsunoda | E51: AlphaTauri Honda RBPT | F51: 12 | G51: 58 | H51: 6.052 | I51: 1 | J51: No | K51: 0.00094663194 | L51: =L31+1 -> 3
A52: Australia | B52: 11 | C52: 77 | D52: Valtteri Bottas | E52: Alfa Romeo Ferrari | F52: 19 | G52: 58 | H52: 6.513 | I52: 0 | J52: No | K52: 0.00095177083 | L52: =L32+1 -> 3
A53: Australia | B53: 12 | C53: 55 | D53: Carlos Sainz | E53: Ferrari | F53: 5 | G53: 58 | H53: 6.594 | I53: 0 | J53: No | K53: 0.00093133102 | L53: =L33+1 -> 3
A54: Australia | B54: 13 | C54: 10 | D54: Pierre Gasly | E54: Alpine Renault | F54: 9 | G54: 56 | H54: DNF | I54: 0 | J54: No | K54: 0.00093744213 | L54: =L34+1 -> 3
A55: Australia | B55: 14 | C55: 31 | D55: Esteban Ocon | E55: Alpine Renault | F55: 11 | G55: 56 | H55: DNF | I55: 0 | J55: No | K55: 0.00093984954 | L55: =L35+1 -> 3
A56: Australia | B56: 15 | C56: 21 | D56: Nyck De Vries | E56: AlphaTauri Honda RBPT | F56: 15 | G56: 56 | H56: DNF | I56: 0 | J56: No | K56: 0.00093961806 | L56: =L36+1 -> 3
A57: Australia | B57: 16 | C57: 2 | D57: Logan Sargeant | E57: Williams Mercedes | F57: 18 | G57: 56 | H57: DNF | I57: 0 | J57: No | K57: 0.00094277778 | L57: =L37+1 -> 3
A58: Australia | B58: 17 | C58: 20 | D58: Kevin Magnussen | E58: Haas Ferrari | F58: 14 | G58: 52 | H58: DNF | I58: 0 | J58: No | K58: 0.00094542824 | L58: =L38+1 -> 3
A59: Australia | B59: NC | C59: 63 | D59: George Russell | E59: Mercedes | F59: 2 | G59: 17 | H59: DNF | I59: 0 | J59: No | K59: 0.00095694444 | L59: =L39+1 -> 3
A60: Australia | B60: NC | C60: 23 | D60: Alexander Albon | E60: Williams Mercedes | F60: 8 | G60: 6 | H60: DNF | I60: 0 | J60: No | K60: 0.0009646875 | L60: =L40+1 -> 3
A61: Australia | B61: NC | C61: 16 | D61: Charles Leclerc | E61: Ferrari | F61: 7 | G61: 0 | H61: DNF | I61: 0 | J61: No | L61: =L41+1 -> 3
A62: Azerbaijan | B62: 1 | C62: 11 | D62: Sergio Perez | E62: Red Bull Racing Honda RBPT | F62: 3 | G62: 51 | H62: 0.064380046 | I62: 25 | J62: No | K62: 0.0012105208 | L62: =L42+1 -> 4
A63: Azerbaijan | B63: 2 | C63: 1 | D63: Max Verstappen | E63: Red Bull Racing Honda RBPT | F63: 2 | G63: 51 | H63: 2.137 | I63: 18 | J63: No | K63: 0.0012063889 | L63: =L43+1 -> 4
A64: Azerbaijan | B64: 3 | C64: 16 | D64: Charles Leclerc | E64: Ferrari | F64: 1 | G64: 51 | H64: 21.217 | I64: 15 | J64: No | K64: 0.0012101968 | L64: =L44+1 -> 4
A65: Azerbaijan | B65: 4 | C65: 14 | D65: Fernando Alonso | E65: Aston Martin Aramco Mercedes | F65: 6 | G65: 51 | H65: 22.024 | I65: 12 | J65: No | K65: 0.0012064931 | L65: =L45+1 -> 4
A66: Azerbaijan | B66: 5 | C66: 55 | D66: Carlos Sainz | E66: Ferrari | F66: 4 | G66: 51 | H66: 45.491 | I66: 10 | J66: No | K66: 0.0012173032 | L66: =L46+1 -> 4
A67: Azerbaijan | B67: 6 | C67: 44 | D67: Lewis Hamilton | E67: Mercedes | F67: 5 | G67: 51 | H67: 46.145 | I67: 8 | J67: No | K67: 0.0012192824 | L67: =L47+1 -> 4
A68: Azerbaijan | B68: 7 | C68: 18 | D68: Lance Stroll | E68: Aston Martin Aramco Mercedes | F68: 9 | G68: 51 | H68: 51.617 | I68: 6 | J68: No | K68: 0.0012225347 | L68: =L48+1 -> 4
A69: Azerbaijan | B69: 8 | C69: 63 | D69: George Russell | E69: Mercedes | F69: 11 | G69: 51 | H69: 74.24 | I69: 5 | J69: Yes | K69: 0.001196412 | L69: =L49+1 -> 4
A70: Azerbaijan | B70: 9 | C70: 4 | D70: Lando Norris | E70: McLaren Mercedes | F70: 7 | G70: 51 | H70: 80.376 | I70: 2 | J70: No | K70: 0.0012238194 | L70: =L50+1 -> 4
A71: Azerbaijan | B71: 10 | C71: 22 | D71: Yuki Tsunoda | E71: AlphaTauri Honda RBPT | F71: 8 | G71: 51 | H71: 83.862 | I71: 1 | J71: No | K71: 0.0012236921 | L71: =L51+1 -> 4
A72: Azerbaijan | B72: 11 | C72: 81 | D72: Oscar Piastri | E72: McLaren Mercedes | F72: 10 | G72: 51 | H72: 86.501 | I72: 0 | J72: No | K72: 0.001222581 | L72: =L52+1 -> 4
A73: Azerbaijan | B73: 12 | C73: 23 | D73: Alexander Albon | E73: Williams Mercedes | F73: 12 | G73: 51 | H73: 88.623 | I73: 0 | J73: No | K73: 0.0012259838 | L73: =L53+1 -> 4
... A77: Azerbaijan | B77: 16 | C77: 2 | D77: Logan Sargeant | E77: Williams Mercedes | F77: 14 | G77: 51 | H77: 100.943 | I77: 0 | J77: No | K77: 0.0012326505 | L77: =L57+1 -> 4
A78: Azerbaijan | B78: 17 | C78: 27 | D78: Nico Hulkenberg | E78: Haas Ferrari | F78: 20 | G78: 50 | H78: +1 lap | I78: 0 | J78: No | K78: 0.0012353125 | L78: =L58+1 -> 4
A79: Azerbaijan | B79: 18 | C79: 77 | D79: Valtteri Bottas | E79: Alfa Romeo Ferrari | F79: 13 | G79: 50 | H79: +1 lap | I79: 0 | J79: No | K79: 0.0012303704 | L79: =L59+1 -> 4
A80: Azerbaijan | B80: NC | C80: 24 | D80: Guanyu Zhou | E80: Alfa Romeo Ferrari | F80: 15 | G80: 36 | H80: DNF | I80: 0 | J80: No | K80: 0.0012448264 | L80: =L60+1 -> 4
A81: Azerbaijan | B81: NC | C81: 21 | D81: Nyck De Vries | E81: AlphaTauri Honda RBPT | F81: 18 | G81: 9 | H81: DNF | I81: 0 | J81: No | K81: 0.0012590394 | L81: =L61+1 -> 4
A82: Miami | B82: 1 | C82: 1 | D82: Max Verstappen | E82: Red Bull Racing Honda RBPT | F82: 9 | G82: 57 | H82: 0.060859271 | I82: 26 | J82: Yes | K82: 0.001038287 | L82: =L62+1 -> 5
A83: Miami | B83: 2 | C83: 11 | D83: Sergio Perez | E83: Red Bull Racing Honda RBPT | F83: 1 | G83: 57 | H83: 5.384 | I83: 18 | J83: No | K83: 0.0010481481 | L83: =L63+1 -> 5
A84: Miami | B84: 3 | C84: 14 | D84: Fernando Alonso | E84: Aston Martin Aramco Mercedes | F84: 2 | G84: 57 | H84: 26.305 | I84: 15 | J84: No | K84: 0.0010476736 | L84: =L64+1 -> 5
A85: Miami | B85: 4 | C85: 63 | D85: George Russell | E85: Mercedes | F85: 6 | G85: 57 | H85: 33.229 | I85: 12 | J85: No | K85: 0.0010534144 | L85: =L65+1 -> 5
A86: Miami | B86: 5 | C86: 55 | D86: Carlos Sainz | E86: Ferrari | F86: 3 | G86: 57 | H86: 42.511 | I86: 10 | J86: No | K86: 0.0010574306 | L86: =L66+1 -> 5
A87: Miami | B87: 6 | C87: 44 | D87: Lewis Hamilton | E87: Mercedes | F87: 13 | G87: 57 | H87: 51.249 | I87: 8 | J87: No | K87: 0.0010494097 | L87: =L67+1 -> 5
A88: Miami | B88: 7 | C88: 16 | D88: Charles Leclerc | E88: Ferrari | F88: 7 | G88: 57 | H88: 52.988 | I88: 6 | J88: No | K88: 0.0010582639 | L88: =L68+1 -> 5
A89: Miami | B89: 8 | C89: 10 | D89: Pierre Gasly | E89: Alpine Renault | F89: 5 | G89: 57 | H89: 55.67 | I89: 4 | J89: No | K89: 0.0010644792 | L89: =L69+1 -> 5
A90: Miami | B90: 9 | C90: 31 | D90: Esteban Ocon | E90: Alpine Renault | F90: 8 | G90: 57 | H90: 58.123 | I90: 2 | J90: No | K90: 0.0010548958 | L90: =L70+1 -> 5
A91: Miami | B91: 10 | C91: 20 | D91: Kevin Magnussen | E91: Haas Ferrari | F91: 4 | G91: 57 | H91: 62.945 | I91: 1 | J91: No | K91: 0.0010612384 | L91: =L71+1 -> 5
A92: Miami | B92: 11 | C92: 22 | D92: Yuki Tsunoda | E92: AlphaTauri Honda RBPT | F92: 17 | G92: 57 | H92: 64.309 | I92: 0 | J92: No | K92: 0.0010536806 | L92: =L72+1 -> 5
A93: Miami | B93: 12 | C93: 18 | D93: Lance Stroll | E93: Aston Martin Aramco Mercedes | F93: 18 | G93: 57 | H93: 64.754 | I93: 0 | J93: No | K93: 0.0010516435 | L93: =L73+1 -> 5
... A99: Miami | B99: 18 | C99: 21 | D99: Nyck De Vries | E99: AlphaTauri Honda RBPT | F99: 15 | G99: 57 | H99: 88.949 | I99: 0 | J99: No | K99: 0.0010597454 | L99: =L79+1 -> 5
A100: Miami | B100: 19 | C100: 81 | D100: Oscar Piastri | E100: McLaren Mercedes | F100: 19 | G100: 56 | H100: +1 lap | I100: 0 | J100: No | K100: 0.0010648843 | L100: =L80+1 -> 5
A101: Miami | B101: 20 | C101: 2 | D101: Logan Sargeant | E101: Williams Mercedes | F101: 20 | G101: 56 | H101: +1 lap | I101: 0 | J101: No | K101: 0.0010692593 | L101: =L81+1 -> 5
A102: Monaco | B102: 1 | C102: 1 | D102: Max Verstappen | E102: Red Bull Racing Honda RBPT | F102: 1 | G102: 78 | H102: 0.07560162 | I102: 25 | J102: No | K102: 0.00088662037 | L102: =L82+1 -> 6
A103: Monaco | B103: 2 | C103: 14 | D103: Fernando Alonso | E103: Aston Martin Aramco Mercedes | F103: 2 | G103: 78 | H103: 27.921 | I103: 18 | J103: No | K103: 0.00088743056 | L103: =L83+1 -> 6
A104: Monaco | B104: 3 | C104: 31 | D104: Esteban Ocon | E104: Alpine Renault | F104: 3 | G104: 78 | H104: 36.99 | I104: 15 | J104: No | K104: 0.00088574074 | L104: =L84+1 -> 6
A105: Monaco | B105: 4 | C105: 44 | D105: Lewis Hamilton | E105: Mercedes | F105: 5 | G105: 78 | H105: 39.062 | I105: 13 | J105: Yes | K105: 0.0008755787 | L105: =L85+1 -> 6
A106: Monaco | B106: 5 | C106: 63 | D106: George Russell | E106: Mercedes | F106: 8 | G106: 78 | H106: 56.284 | I106: 10 | J106: No | K106: 0.00088886574 | L106: =L86+1 -> 6
A107: Monaco | B107: 6 | C107: 16 | D107: Charles Leclerc | E107: Ferrari | F107: 6 | G107: 78 | H107: 61.89 | I107: 8 | J107: No | K107: 0.00087700231 | L107: =L87+1 -> 6
A108: Monaco | B108: 7 | C108: 10 | D108: Pierre Gasly | E108: Alpine Renault | F108: 7 | G108: 78 | H108: 62.362 | I108: 6 | J108: No | K108: 0.00087767361 | L108: =L88+1 -> 6
A109: Monaco | B109: 8 | C109: 55 | D109: Carlos Sainz | E109: Ferrari | F109: 4 | G109: 78 | H109: 63.391 | I109: 4 | J109: No | K109: 0.00088482639 | L109: =L89+1 -> 6
A110: Monaco | B110: 9 | C110: 4 | D110: Lando Norris | E110: McLaren Mercedes | F110: 10 | G110: 77 | H110: +1 lap | I110: 2 | J110: No | K110: 0.00090097222 | L110: =L90+1 -> 6
A111: Monaco | B111: 10 | C111: 81 | D111: Oscar Piastri | E111: McLaren Mercedes | F111: 11 | G111: 77 | H111: +1 lap | I111: 1 | J111: No | K111: 0.0008971412 | L111: =L91+1 -> 6
A112: Monaco | B112: 11 | C112: 77 | D112: Valtteri Bottas | E112: Alfa Romeo Ferrari | F112: 15 | G112: 77 | H112: +1 lap | I112: 0 | J112: No | K112: 0.00090074074 | L112: =L92+1 -> 6
...

Sheet Formula1_2024season_raceResults
A1: Track | B1: Position | C1: No | D1: Driver | E1: Team | F1: Starting Grid | G1: Laps | H1: Time/Retired | I1: Points | J1: Set Fastest Lap | K1: Fastest Lap Time | L1: Track Index
A2: Bahrain | B2: 1 | C2: 1 | D2: Max Verstappen | E2: Red Bull Racing Honda RBPT | F2: 1 | G2: 57 | H2: 0.063712292 | I2: 26 | J2: Yes | K2: 0.0010718519 | L2: 1
A3: Bahrain | B3: 2 | C3: 11 | D3: Sergio Perez | E3: Red Bull Racing Honda RBPT | F3: 5 | G3: 57 | H3: 22.457 | I3: 18 | J3: No | K3: 0.0010921759 | L3: 1
A4: Bahrain | B4: 3 | C4: 55 | D4: Carlos Sainz | E4: Ferrari | F4: 4 | G4: 57 | H4: 25.11 | I4: 15 | J4: No | K4: 0.001093831 | L4: 1
A5: Bahrain | B5: 4 | C5: 16 | D5: Charles Leclerc | E5: Ferrari | F5: 2 | G5: 57 | H5: 39.669 | I5: 12 | J5: No | K5: 0.0010890046 | L5: 1
A6: Bahrain | B6: 5 | C6: 63 | D6: George Russell | E6: Mercedes | F6: 3 | G6: 57 | H6: 46.788 | I6: 10 | J6: No | K6: 0.0011002894 | L6: 1
A7: Bahrain | B7: 6 | C7: 4 | D7: Lando Norris | E7: McLaren Mercedes | F7: 7 | G7: 57 | H7: 48.458 | I7: 8 | J7: No | K7: 0.0010934722 | L7: 1
A8: Bahrain | B8: 7 | C8: 44 | D8: Lewis Hamilton | E8: Mercedes | F8: 9 | G8: 57 | H8: 50.324 | I8: 6 | J8: No | K8: 0.0010963194 | L8: 1
A9: Bahrain | B9: 8 | C9: 81 | D9: Oscar Piastri | E9: McLaren Mercedes | F9: 8 | G9: 57 | H9: 56.082 | I9: 4 | J9: No | K9: 0.0010993403 | L9: 1
A10: Bahrain | B10: 9 | C10: 14 | D10: Fernando Alonso | E10: Aston Martin Aramco Mercedes | F10: 6 | G10: 57 | H10: 74.887 | I10: 2 | J10: No | K10: 0.0010902662 | L10: 1
A11: Bahrain | B11: 10 | C11: 18 | D11: Lance Stroll | E11: Aston Martin Aramco Mercedes | F11: 12 | G11: 57 | H11: 93.216 | I11: 1 | J11: No | K11: 0.0011068519 | L11: 1
A12: Bahrain | B12: 11 | C12: 24 | D12: Guanyu Zhou | E12: Kick Sauber Ferrari | F12: 17 | G12: 56 | H12: +1 lap | I12: 0 | J12: No | K12: 0.001104838 | L12: 1
A13: Bahrain | B13: 12 | C13: 20 | D13: Kevin Magnussen | E13: Haas Ferrari | F13: 15 | G13: 56 | H13: +1 lap | I13: 0 | J13: No | K13: 0.0011061343 | L13: 1
A14: Bahrain | B14: 13 | C14: 3 | D14: Daniel Ricciardo | E14: RB Honda RBPT | F14: 14 | G14: 56 | H14: +1 lap | I14: 0 | J14: No | K14: 0.0011014236 | L14: 1
A15: Bahrain | B15: 14 | C15: 22 | D15: Yuki Tsunoda | E15: RB Honda RBPT | F15: 11 | G15: 56 | H15: +1 lap | I15: 0 | J15: No | K15: 0.0011091782 | L15: 1
A16: Bahrain | B16: 15 | C16: 23 | D16: Alexander Albon | E16: Williams Mercedes | F16: 13 | G16: 56 | H16: +1 lap | I16: 0 | J16: No | K16: 0.0011079051 | L16: 1
A17: Bahrain | B17: 16 | C17: 27 | D17: Nico Hulkenberg | E17: Haas Ferrari | F17: 10 | G17: 56 | H17: +1 lap | I17: 0 | J17: No | K17: 0.0010976157 | L17: 1
A18: Bahrain | B18: 17 | C18: 31 | D18: Esteban Ocon | E18: Alpine Renault | F18: 19 | G18: 56 | H18: +1 lap | I18: 0 | J18: No | K18: 0.0011137269 | L18: 1
A19: Bahrain | B19: 18 | C19: 10 | D19: Pierre Gasly | E19: Alpine Renault | F19: 20 | G19: 56 | H19: +1 lap | I19: 0 | J19: No | K19: 0.0010972801 | L19: 1
A20: Bahrain | B20: 19 | C20: 77 | D20: Valtteri Bottas | E20: Kick Sauber Ferrari | F20: 16 | G20: 56 | H20: +1 lap | I20: 0 | J20: No | K20: 0.0011134491 | L20: 1
A21: Bahrain | B21: 20 | C21: 2 | D21: Logan Sargeant | E21: Williams Mercedes | F21: 18 | G21: 55 | H21: +2 laps | I21: 0 | J21: No | K21: 0.0010964699 | L21: 1
A22: Saudi Arabia | B22: 1 | C22: 1 | D22: Max Verstappen | E22: Red Bull Racing Honda RBPT | F22: 1 | G22: 50 | H22: 0.0560564 | I22: 25 | J22: No | K22: 0.0010621875 | L22: =L2+1 -> 2
A23: Saudi Arabia | B23: 2 | C23: 11 | D23: Sergio Perez | E23: Red Bull Racing Honda RBPT | F23: 3 | G23: 50 | H23: 13.643 | I23: 18 | J23: No | K23: 0.0010679745 | L23: =L3+1 -> 2
A24: Saudi Arabia | B24: 3 | C24: 16 | D24: Charles Leclerc | E24: Ferrari | F24: 2 | G24: 50 | H24: 18.639 | I24: 16 | J24: Yes | K24: 0.0010605556 | L24: =L4+1 -> 2
A25: Saudi Arabia | B25: 4 | C25: 81 | D25: Oscar Piastri | E25: McLaren Mercedes | F25: 5 | G25: 50 | H25: 32.007 | I25: 12 | J25: No | K25: 0.0010684028 | L25: =L5+1 -> 2
A26: Saudi Arabia | B26: 5 | C26: 14 | D26: Fernando Alonso | E26: Aston Martin Aramco Mercedes | F26: 4 | G26: 50 | H26: 35.759 | I26: 10 | J26: No | K26: 0.001069294 | L26: =L6+1 -> 2
A27: Saudi Arabia | B27: 6 | C27: 63 | D27: George Russell | E27: Mercedes | F27: 7 | G27: 50 | H27: 39.936 | I27: 8 | J27: No | K27: 0.0010677546 | L27: =L7+1 -> 2
A28: Saudi Arabia | B28: 7 | C28: 38 | D28: Oliver Bearman | E28: Ferrari | F28: 11 | G28: 50 | H28: 42.679 | I28: 6 | J28: No | K28: 0.0010669676 | L28: =L8+1 -> 2
A29: Saudi Arabia | B29: 8 | C29: 4 | D29: Lando Norris | E29: McLaren Mercedes | F29: 6 | G29: 50 | H29: 45.708 | I29: 4 | J29: No | K29: 0.0010641667 | L29: =L9+1 -> 2
A30: Saudi Arabia | B30: 9 | C30: 44 | D30: Lewis Hamilton | E30: Mercedes | F30: 8 | G30: 50 | H30: 47.391 | I30: 2 | J30: No | K30: 0.001061875 | L30: =L10+1 -> 2
A31: Saudi Arabia | B31: 10 | C31: 27 | D31: Nico Hulkenberg | E31: Haas Ferrari | F31: 15 | G31: 50 | H31: 76.996 | I31: 1 | J31: No | K31: 0.0010690509 | L31: =L11+1 -> 2
A32: Saudi Arabia | B32: 11 | C32: 23 | D32: Alexander Albon | E32: Williams Mercedes | F32: 12 | G32: 50 | H32: 88.354 | I32: 0 | J32: No | K32: 0.0010683681 | L32: =L12+1 -> 2
A33: Saudi Arabia | B33: 12 | C33: 20 | D33: Kevin Magnussen | E33: Haas Ferrari | F33: 13 | G33: 50 | H33: 105.737 | I33: 0 | J33: No | K33: 0.0010687269 | L33: =L13+1 -> 2
A34: Saudi Arabia | B34: 13 | C34: 31 | D34: Esteban Ocon | E34: Alpine Renault | F34: 17 | G34: 49 | H34: +1 lap | I34: 0 | J34: No | K34: 0.001081956 | L34: =L14+1 -> 2
A35: Saudi Arabia | B35: 14 | C35: 2 | D35: Logan Sargeant | E35: Williams Mercedes | F35: 19 | G35: 49 | H35: +1 lap | I35: 0 | J35: No | K35: 0.0010766898 | L35: =L15+1 -> 2
A36: Saudi Arabia | B36: 15 | C36: 22 | D36: Yuki Tsunoda | E36: RB Honda RBPT | F36: 9 | G36: 49 | H36: +1 lap | I36: 0 | J36: No | K36: 0.0010824421 | L36: =L16+1 -> 2
A37: Saudi Arabia | B37: 16 | C37: 3 | D37: Daniel Ricciardo | E37: RB Honda RBPT | F37: 14 | G37: 49 | H37: +1 lap | I37: 0 | J37: No | K37: 0.0010801273 | L37: =L17+1 -> 2
A38: Saudi Arabia | B38: 17 | C38: 77 | D38: Valtteri Bottas | E38: Kick Sauber Ferrari | F38: 16 | G38: 49 | H38: +1 lap | I38: 0 | J38: No | K38: 0.0010729861 | L38: =L18+1 -> 2
A39: Saudi Arabia | B39: 18 | C39: 24 | D39: Guanyu Zhou | E39: Kick Sauber Ferrari | F39: 20 | G39: 49 | H39: +1 lap | I39: 0 | J39: No | K39: 0.0010672222 | L39: =L19+1 -> 2
A40: Saudi Arabia | B40: NC | C40: 18 | D40: Lance Stroll | E40: Aston Martin Aramco Mercedes | F40: 10 | G40: 5 | H40: DNF | I40: 0 | J40: No | K40: 0.0011060185 | L40: =L20+1 -> 2
A41: Saudi Arabia | B41: NC | C41: 10 | D41: Pierre Gasly | E41: Alpine Renault | F41: 18 | G41: 1 | H41: DNF | I41: 0 | J41: No | L41: =L21+1 -> 2
A42: Australia | B42: 1 | C42: 55 | D42: Carlos Sainz | E42: Ferrari | F42: 2 | G42: 58 | H42: 0.055866238 | I42: 25 | J42: No | K42: 0.00092628472 | L42: =L22+1 -> 3
A43: Australia | B43: 2 | C43: 16 | D43: Charles Leclerc | E43: Ferrari | F43: 4 | G43: 58 | H43: 2.366 | I43: 19 | J43: Yes | K43: 0.00092376157 | L43: =L23+1 -> 3
A44: Australia | B44: 3 | C44: 4 | D44: Lando Norris | E44: McLaren Mercedes | F44: 3 | G44: 58 | H44: 5.904 | I44: 15 | J44: No | K44: 0.00092494213 | L44: =L24+1 -> 3
A45: Australia | B45: 4 | C45: 81 | D45: Oscar Piastri | E45: McLaren Mercedes | F45: 5 | G45: 58 | H45: 35.77 | I45: 12 | J45: No | K45: 0.00092822917 | L45: =L25+1 -> 3
A46: Australia | B46: 5 | C46: 11 | D46: Sergio Perez | E46: Red Bull Racing Honda RBPT | F46: 6 | G46: 58 | H46: 56.309 | I46: 10 | J46: No | K46: 0.00093041667 | L46: =L26+1 -> 3
A47: Australia | B47: 6 | C47: 18 | D47: Lance Stroll | E47: Aston Martin Aramco Mercedes | F47: 9 | G47: 58 | H47: 93.222 | I47: 8 | J47: No | K47: 0.00093668981 | L47: =L27+1 -> 3
A48: Australia | B48: 7 | C48: 22 | D48: Yuki Tsunoda | E48: RB Honda RBPT | F48: 8 | G48: 58 | H48: 95.601 | I48: 6 | J48: No | K48: 0.00093905093 | L48: =L28+1 -> 3
A49: Australia | B49: 8 | C49: 14 | D49: Fernando Alonso | E49: Aston Martin Aramco Mercedes | F49: 10 | G49: 58 | H49: 100.992 | I49: 4 | J49: No | K49: 0.00093163194 | L49: =L29+1 -> 3
A50: Australia | B50: 9 | C50: 27 | D50: Nico Hulkenberg | E50: Haas Ferrari | F50: 16 | G50: 58 | H50: 104.553 | I50: 2 | J50: No | K50: 0.00093917824 | L50: =L30+1 -> 3
A51: Australia | B51: 10 | C51: 20 | D51: Kevin Magnussen | E51: Haas Ferrari | F51: 14 | G51: 57 | H51: +1 lap | I51: 1 | J51: No | K51: 0.00093844907 | L51: =L31+1 -> 3
A52: Australia | B52: 11 | C52: 23 | D52: Alexander Albon | E52: Williams Mercedes | F52: 12 | G52: 57 | H52: +1 lap | I52: 0 | J52: No | K52: 0.00094465278 | L52: =L32+1 -> 3
A53: Australia | B53: 12 | C53: 3 | D53: Daniel Ricciardo | E53: RB Honda RBPT | F53: 18 | G53: 57 | H53: +1 lap | I53: 0 | J53: No | K53: 0.0009402662 | L53: =L33+1 -> 3
A54: Australia | B54: 13 | C54: 10 | D54: Pierre Gasly | E54: Alpine Renault | F54: 17 | G54: 57 | H54: +1 lap | I54: 0 | J54: No | K54: 0.00093854167 | L54: =L34+1 -> 3
A55: Australia | B55: 14 | C55: 77 | D55: Valtteri Bottas | E55: Kick Sauber Ferrari | F55: 13 | G55: 57 | H55: +1 lap | I55: 0 | J55: No | K55: 0.00094238426 | L55: =L35+1 -> 3
A56: Australia | B56: 15 | C56: 24 | D56: Guanyu Zhou | E56: Kick Sauber Ferrari | F56: 19 | G56: 57 | H56: +1 lap | I56: 0 | J56: No | K56: 0.00094128472 | L56: =L36+1 -> 3
A57: Australia | B57: 16 | C57: 31 | D57: Esteban Ocon | E57: Alpine Renault | F57: 15 | G57: 57 | H57: +1 lap | I57: 0 | J57: No | K57: 0.00094159722 | L57: =L37+1 -> 3
A58: Australia | B58: 17 | C58: 63 | D58: George Russell | E58: Mercedes | F58: 7 | G58: 56 | H58: DNF | I58: 0 | J58: No | K58: 0.00092921296 | L58: =L38+1 -> 3
A59: Australia | B59: NC | C59: 44 | D59: Lewis Hamilton | E59: Mercedes | F59: 11 | G59: 15 | H59: DNF | I59: 0 | J59: No | K59: 0.00095421296 | L59: =L39+1 -> 3
A60: Australia | B60: NC | C60: 1 | D60: Max Verstappen | E60: Red Bull Racing Honda RBPT | F60: 1 | G60: 3 | H60: DNF | I60: 0 | J60: No | K60: 0.00096197917 | L60: =L40+1 -> 3
A61: Australia | B61: DQ | C61: 2 | D61: Logan Sargeant | E61: Williams Mercedes | F61: 0 | G61: 0 | H61: 0 | I61: 0 | J61: 0 | K61: 0 | L61: =L41+1 -> 3
A62: Japan | B62: 1 | C62: 1 | D62: Max Verstappen | E62: Red Bull Racing Honda RBPT | F62: 1 | G62: 53 | H62: 0.079439421 | I62: 26 | J62: Yes | K62: 0.0010845602 | L62: =L42+1 -> 4
A63: Japan | B63: 2 | C63: 11 | D63: Sergio Perez | E63: Red Bull Racing Honda RBPT | F63: 2 | G63: 53 | H63: 12.535 | I63: 18 | J63: No | K63: 0.0010873264 | L63: =L43+1 -> 4
A64: Japan | B64: 3 | C64: 55 | D64: Carlos Sainz | E64: Ferrari | F64: 4 | G64: 53 | H64: 20.866 | I64: 15 | J64: No | K64: 0.0010861227 | L64: =L44+1 -> 4
A65: Japan | B65: 4 | C65: 16 | D65: Charles Leclerc | E65: Ferrari | F65: 8 | G65: 53 | H65: 26.522 | I65: 12 | J65: No | K65: 0.0011000463 | L65: =L45+1 -> 4
A66: Japan | B66: 5 | C66: 4 | D66: Lando Norris | E66: McLaren Mercedes | F66: 3 | G66: 53 | H66: 29.7 | I66: 10 | J66: No | K66: 0.0011016898 | L66: =L46+1 -> 4
A67: Japan | B67: 6 | C67: 14 | D67: Fernando Alonso | E67: Aston Martin Aramco Mercedes | F67: 5 | G67: 53 | H67: 44.272 | I67: 8 | J67: No | K67: 0.0010963657 | L67: =L47+1 -> 4
A68: Japan | B68: 7 | C68: 63 | D68: George Russell | E68: Mercedes | F68: 9 | G68: 53 | H68: 45.951 | I68: 6 | J68: No | K68: 0.0010926389 | L68: =L48+1 -> 4
A69: Japan | B69: 8 | C69: 81 | D69: Oscar Piastri | E69: McLaren Mercedes | F69: 6 | G69: 53 | H69: 47.525 | I69: 4 | J69: No | K69: 0.0010972454 | L69: =L49+1 -> 4
A70: Japan | B70: 9 | C70: 44 | D70: Lewis Hamilton | E70: Mercedes | F70: 7 | G70: 53 | H70: 48.626 | I70: 2 | J70: No | K70: 0.0010874074 | L70: =L50+1 -> 4
A71: Japan | B71: 10 | C71: 22 | D71: Yuki Tsunoda | E71: RB Honda RBPT | F71: 10 | G71: 52 | H71: +1 lap | I71: 1 | J71: No | K71: 0.0011150694 | L71: =L51+1 -> 4
A72: Japan | B72: 11 | C72: 27 | D72: Nico Hulkenberg | E72: Haas Ferrari | F72: 12 | G72: 52 | H72: +1 lap | I72: 0 | J72: No | K72: 0.0011032986 | L72: =L52+1 -> 4
A73: Japan | B73: 12 | C73: 18 | D73: Lance Stroll | E73: Aston Martin Aramco Mercedes | F73: 16 | G73: 52 | H73: +1 lap | I73: 0 | J73: No | K73: 0.0011087731 | L73: =L53+1 -> 4
A74: Japan | B74: 13 | C74: 20 | D74: Kevin Magnussen | E74: Haas Ferrari | F74: 18 | G74: 52 | H74: +1 lap | I74: 0 | J74: No | K74: 0.0011186806 | L74: =L54+1 -> 4
A75: Japan | B75: 14 | C75: 77 | D75: Valtteri Bottas | E75: Kick Sauber Ferrari | F75: 13 | G75: 52 | H75: +1 lap | I75: 0 | J75: No | K75: 0.0011181481 | L75: =L55+1 -> 4
A76: Japan | B76: 15 | C76: 31 | D76: Esteban Ocon | E76: Alpine Renault | F76: 15 | G76: 52 | H76: +1 lap | I76: 0 | J76: No | K76: 0.0011137963 | L76: =L56+1 -> 4
A77: Japan | B77: 16 | C77: 10 | D77: Pierre Gasly | E77: Alpine Renault | F77: 17 | G77: 52 | H77: +1 lap | I77: 0 | J77: No | K77: 0.0011185417 | L77: =L57+1 -> 4
A78: Japan | B78: 17 | C78: 2 | D78: Logan Sargeant | E78: Williams Mercedes | F78: 19 | G78: 52 | H78: +1 lap | I78: 0 | J78: No | K78: 0.0010983796 | L78: =L58+1 -> 4
A79: Japan | B79: NC | C79: 24 | D79: Guanyu Zhou | E79: Kick Sauber Ferrari | F79: 20 | G79: 12 | H79: DNF | I79: 0 | J79: No | K79: 0.001124537 | L79: =L59+1 -> 4
A80: Japan | B80: NC | C80: 3 | D80: Daniel Ricciardo | E80: RB Honda RBPT | F80: 11 | G80: 0 | H80: DNF | I80: 0 | J80: No | L80: =L60+1 -> 4
A81: Japan | B81: NC | C81: 23 | D81: Alexander Albon | E81: Williams Mercedes | F81: 14 | G81: 0 | H81: DNF | I81: 0 | J81: No | L81: =L61+1 -> 4
A82: China | B82: 1 | C82: 1 | D82: Max Verstappen | E82: Red Bull Racing Honda RBPT | F82: 1 | G82: 56 | H82: 0.070052708 | I82: 25 | J82: No | K82: 0.0011389583 | L82: =L62+1 -> 5
A83: China | B83: 2 | C83: 4 | D83: Lando Norris | E83: McLaren Mercedes | F83: 4 | G83: 56 | H83: 13.773 | I83: 18 | J83: No | K83: 0.0011429514 | L83: =L63+1 -> 5
A84: China | B84: 3 | C84: 11 | D84: Sergio Perez | E84: Red Bull Racing Honda RBPT | F84: 2 | G84: 56 | H84: 19.16 | I84: 15 | J84: No | K84: 0.0011503241 | L84: =L64+1 -> 5
A85: China | B85: 4 | C85: 16 | D85: Charles Leclerc | E85: Ferrari | F85: 6 | G85: 56 | H85: 23.623 | I85: 12 | J85: No | K85: 0.0011502778 | L85: =L65+1 -> 5
A86: China | B86: 5 | C86: 55 | D86: Carlos Sainz | E86: Ferrari | F86: 7 | G86: 56 | H86: 33.983 | I86: 10 | J86: No | K86: 0.0011546759 | L86: =L66+1 -> 5
A87: China | B87: 6 | C87: 63 | D87: George Russell | E87: Mercedes | F87: 8 | G87: 56 | H87: 38.724 | I87: 8 | J87: No | K87: 0.0011587037 | L87: =L67+1 -> 5
A88: China | B88: 7 | C88: 14 | D88: Fernando Alonso | E88: Aston Martin Aramco Mercedes | F88: 3 | G88: 56 | H88: 43.414 | I88: 7 | J88: Yes | K88: 0.0011320602 | L88: =L68+1 -> 5
A89: China | B89: 8 | C89: 81 | D89: Oscar Piastri | E89: McLaren Mercedes | F89: 5 | G89: 56 | H89: 56.198 | I89: 4 | J89: No | K89: 0.0011543866 | L89: =L69+1 -> 5
A90: China | B90: 9 | C90: 44 | D90: Lewis Hamilton | E90: Mercedes | F90: 18 | G90: 56 | H90: 57.986 | I90: 2 | J90: No | K90: 0.0011670718 | L90: =L70+1 -> 5
A91: China | B91: 10 | C91: 27 | D91: Nico Hulkenberg | E91: Haas Ferrari | F91: 9 | G91: 56 | H91: 60.476 | I91: 1 | J91: No | K91: 0.0011668403 | L91: =L71+1 -> 5
A92: China | B92: 11 | C92: 31 | D92: Esteban Ocon | E92: Alpine Renault | F92: 13 | G92: 56 | H92: 62.812 | I92: 0 | J92: No | K92: 0.0011682523 | L92: =L72+1 -> 5
A93: China | B93: 12 | C93: 23 | D93: Alexander Albon | E93: Williams Mercedes | F93: 14 | G93: 56 | H93: 65.506 | I93: 0 | J93: No | K93: 0.0011665509 | L93: =L73+1 -> 5
... A98: China | B98: 17 | C98: 2 | D98: Logan Sargeant | E98: Williams Mercedes | F98: 20 | G98: 56 | H98: 95.11 | I98: 0 | J98: No | K98: 0.0011689815 | L98: =L78+1 -> 5
A99: China | B99: NC | C99: 3 | D99: Daniel Ricciardo | E99: RB Honda RBPT | F99: 12 | G99: 33 | H99: DNF | I99: 0 | J99: No | K99: 0.001168912 | L99: =L79+1 -> 5
A100: China | B100: NC | C100: 22 | D100: Yuki Tsunoda | E100: RB Honda RBPT | F100: 19 | G100: 26 | H100: DNF | I100: 0 | J100: No | K100: 0.0011758449 | L100: =L80+1 -> 5
A101: China | B101: NC | C101: 77 | D101: Valtteri Bottas | E101: Kick Sauber Ferrari | F101: 10 | G101: 19 | H101: DNF | I101: 0 | J101: No | K101: 0.0011721759 | L101: =L81+1 -> 5
A102: Miami | B102: 1 | C102: 4 | D102: Lando Norris | E102: McLaren Mercedes | F102: 5 | G102: 57 | H102: 0.063077269 | I102: 25 | J102: No | K102: 0.0010530093 | L102: =L82+1 -> 6
A103: Miami | B103: 2 | C103: 1 | D103: Max Verstappen | E103: Red Bull Racing Honda RBPT | F103: 1 | G103: 57 | H103: 7.612 | I103: 18 | J103: No | K103: 0.0010562616 | L103: =L83+1 -> 6
A104: Miami | B104: 3 | C104: 16 | D104: Charles Leclerc | E104: Ferrari | F104: 2 | G104: 57 | H104: 9.92 | I104: 15 | J104: No | K104: 0.001054213 | L104: =L84+1 -> 6
...

Sheet Sprint Results
A1: Track | B1: Position | C1: No | D1: Driver | E1: Team | F1: Starting Grid | G1: Laps | H1: Time/Retired | I1: Points
A2: China | B2: 1 | C2: 1 | D2: Max Verstappen | E2: Red Bull Racing Honda RBPT | F2: 4 | G2: 19 | H2: 0.022276157 | I2: 8
A3: China | B3: 2 | C3: 44 | D3: Lewis Hamilton | E3: Mercedes | F3: 2 | G3: 19 | H3: 13.043 | I3: 7
A4: China | B4: 3 | C4: 11 | D4: Sergio Perez | E4: Red Bull Racing Honda RBPT | F4: 6 | G4: 19 | H4: 15.258 | I4: 6
A5: China | B5: 4 | C5: 16 | D5: Charles Leclerc | E5: Ferrari | F5: 7 | G5: 19 | H5: 17.486 | I5: 5
A6: China | B6: 5 | C6: 55 | D6: Carlos Sainz | E6: Ferrari | F6: 5 | G6: 19 | H6: 20.696 | I6: 4
A7: China | B7: 6 | C7: 4 | D7: Lando Norris | E7: McLaren Mercedes | F7: 1 | G7: 19 | H7: 22.088 | I7: 3
A8: China | B8: 7 | C8: 81 | D8: Oscar Piastri | E8: McLaren Mercedes | F8: 8 | G8: 19 | H8: 24.713 | I8: 2
A9: China | B9: 8 | C9: 63 | D9: George Russell | E9: Mercedes | F9: 11 | G9: 19 | H9: 25.696 | I9: 1
A10: China | B10: 9 | C10: 24 | D10: Guanyu Zhou | E10: Kick Sauber Ferrari | F10: 10 | G10: 19 | H10: 31.951 | I10: 0
A11: China | B11: 10 | C11: 20 | D11: Kevin Magnussen | E11: Haas Ferrari | F11: 12 | G11: 19 | H11: 37.398 | I11: 0
A12: China | B12: 11 | C12: 3 | D12: Daniel Ricciardo | E12: RB Honda RBPT | F12: 14 | G12: 19 | H12: 37.84 | I12: 0
A13: China | B13: 12 | C13: 77 | D13: Valtteri Bottas | E13: Kick Sauber Ferrari | F13: 9 | G13: 19 | H13: 38.295 | I13: 0
... A20: China | B20: 19 | C20: 27 | D20: Nico Hulkenberg | E20: Haas Ferrari | F20: 13 | G20: 19 | H20: 49.63 | I20: 0
A21: China | B21: 20 | C21: 14 | D21: Fernando Alonso | E21: Aston Martin Aramco Mercedes | F21: 3 | G21: 17 | H21: DNF | I21: 0
A22: Miami | B22: 1 | C22: 1 | D22: Max Verstappen | E22: Red Bull Racing Honda RBPT | F22: 1 | G22: 19 | H22: 0.021891007 | I22: 8
A23: Miami | B23: 2 | C23: 16 | D23: Charles Leclerc | E23: Ferrari | F23: 2 | G23: 19 | H23: 3.371 | I23: 7
A24: Miami | B24: 3 | C24: 11 | D24: Sergio Perez | E24: Red Bull Racing Honda RBPT | F24: 3 | G24: 19 | H24: 5.095 | I24: 6
A25: Miami | B25: 4 | C25: 3 | D25: Daniel Ricciardo | E25: RB Honda RBPT | F25: 4 | G25: 19 | H25: 14.971 | I25: 5
A26: Miami | B26: 5 | C26: 55 | D26: Carlos Sainz | E26: Ferrari | F26: 5 | G26: 19 | H26: 15.222 | I26: 4
A27: Miami | B27: 6 | C27: 81 | D27: Oscar Piastri | E27: McLaren Mercedes | F27: 6 | G27: 19 | H27: 15.75 | I27: 3
A28: Miami | B28: 7 | C28: 27 | D28: Nico Hulkenberg | E28: Haas Ferrari | F28: 10 | G28: 19 | H28: 22.054 | I28: 2
A29: Miami | B29: 8 | C29: 22 | D29: Yuki Tsunoda | E29: RB Honda RBPT | F29: 15 | G29: 19 | H29: 29.816 | I29: 1
A30: Miami | B30: 9 | C30: 10 | D30: Pierre Gasly | E30: Alpine Renault | F30: 16 | G30: 19 | H30: 31.88 | I30: 0
A31: Miami | B31: 10 | C31: 2 | D31: Logan Sargeant | E31: Williams Mercedes | F31: 18 | G31: 19 | H31: 34.355 | I31: 0
A32: Miami | B32: 11 | C32: 24 | D32: Guanyu Zhou | E32: Kick Sauber Ferrari | F32: 17 | G32: 19 | H32: 35.078 | I32: 0
A33: Miami | B33: 12 | C33: 63 | D33: George Russell | E33: Mercedes | F33: 11 | G33: 19 | H33: 35.755 | I33: 0
... A39: Miami | B39: 18 | C39: 20 | D39: Kevin Magnussen | E39: Haas Ferrari | F39: 14 | G39: 19 | H39: 66.303 | I39: 0
A40: Miami | B40: NC | C40: 18 | D40: Lance Stroll | E40: Aston Martin Aramco Mercedes | F40: 7 | G40: 1 | H40: DNF | I40: 0
A41: Miami | B41: NC | C41: 4 | D41: Lando Norris | E41: McLaren Mercedes | F41: 9 | G41: 0 | H41: DNF | I41: 0
A42: Austria | B42: 1 | C42: 1 | D42: Max Verstappen | E42: Red Bull Racing Honda RBPT | F42: 1 | G42: 23 | H42: 0.018534595 | I42: 8
A43: Austria | B43: 2 | C43: 81 | D43: Oscar Piastri | E43: McLaren Mercedes | F43: 3 | G43: 23 | H43: 4.616 | I43: 7
A44: Austria | B44: 3 | C44: 4 | D44: Lando Norris | E44: McLaren Mercedes | F44: 2 | G44: 23 | H44: 5.348 | I44: 6
A45: Austria | B45: 4 | C45: 63 | D45: George Russell | E45: Mercedes | F45: 4 | G45: 23 | H45: 8.354 | I45: 5
A46: Austria | B46: 5 | C46: 55 | D46: Carlos Sainz | E46: Ferrari | F46: 5 | G46: 23 | H46: 9.989 | I46: 4
A47: Austria | B47: 6 | C47: 44 | D47: Lewis Hamilton | E47: Mercedes | F47: 6 | G47: 23 | H47: 11.207 | I47: 3
A48: Austria | B48: 7 | C48: 16 | D48: Charles Leclerc | E48: Ferrari | F48: 10 | G48: 23 | H48: 13.424 | I48: 2
A49: Austria | B49: 8 | C49: 11 | D49: Sergio Perez | E49: Red Bull Racing Honda RBPT | F49: 7 | G49: 23 | H49: 17.409 | I49: 1
A50: Austria | B50: 9 | C50: 20 | D50: Kevin Magnussen | E50: Haas Ferrari | F50: 11 | G50: 23 | H50: 24.067 | I50: 0
A51: Austria | B51: 10 | C51: 18 | D51: Lance Stroll | E51: Aston Martin Aramco Mercedes | F51: 12 | G51: 23 | H51: 30.175 | I51: 0
A52: Austria | B52: 11 | C52: 31 | D52: Esteban Ocon | E52: Alpine Renault | F52: 8 | G52: 23 | H52: 30.839 | I52: 0
A53: Austria | B53: 12 | C53: 10 | D53: Pierre Gasly | E53: Alpine Renault | F53: 9 | G53: 23 | H53: 31.308 | I53: 0
... A100: Brazil | B100: 19 | C100: 18 | D100: Lance Stroll | E100: Aston Martin Aramco Mercedes | F100: 19 | G100: 24 | H100: 57.983 | I100: 0
A101: Brazil | B101: NC | C101: 27 | D101: Nico Hulkenberg | E101: Haas Ferrari | F101: 12 | G101: 19 | H101: DNF | I101: 0
A102: Qatar | B102: 1 | C102: 81 | D102: Oscar Piastri | E102: McLaren Mercedes | F102: 3 | G102: 19 | H102: 0.018784838 | I102: 8
A103: Qatar | B103: 2 | C103: 4 | D103: Lando Norris | E103: McLaren Mercedes | F103: 1 | G103: 19 | H103: 0.136 | I103: 7
A104: Qatar | B104: 3 | C104: 63 | D104: George Russell | E104: Mercedes | F104: 2 | G104: 19 | H104: 0.41 | I104: 6
A105: Qatar | B105: 4 | C105: 55 | D105: Carlos Sainz | E105: Ferrari | F105: 4 | G105: 19 | H105: 1.326 | I105: 5
A106: Qatar | B106: 5 | C106: 16 | D106: Charles Leclerc | E106: Ferrari | F106: 5 | G106: 19 | H106: 5.073 | I106: 4
A107: Qatar | B107: 6 | C107: 44 | D107: Lewis Hamilton | E107: Mercedes | F107: 7 | G107: 19 | H107: 5.65 | I107: 3
A108: Qatar | B108: 7 | C108: 27 | D108: Nico Hulkenberg | E108: Haas Ferrari | F108: 9 | G108: 19 | H108: 8.508 | I108: 2
A109: Qatar | B109: 8 | C109: 1 | D109: Max Verstappen | E109: Red Bull Racing Honda RBPT | F109: 6 | G109: 19 | H109: 10.368 | I109: 1
A110: Qatar | B110: 9 | C110: 10 | D110: Pierre Gasly | E110: Alpine Renault | F110: 8 | G110: 19 | H110: 14.513 | I110: 0
A111: Qatar | B111: 10 | C111: 20 | D111: Kevin Magnussen | E111: Haas Ferrari | F111: 15 | G111: 19 | H111: 15.485 | I111: 0
A112: Qatar | B112: 11 | C112: 14 | D112: Fernando Alonso | E112: Aston Martin Aramco Mercedes | F112: 11 | G112: 19 | H112: 19.24 | I112: 0
A113: Qatar | B113: 12 | C113: 77 | D113: Valtteri Bottas | E113: Kick Sauber Ferrari | F113: 13 | G113: 19 | H113: 23.351 | I113: 0
... A121: Qatar | B121: 20 | C121: 11 | D121: Sergio Perez | E121: Red Bull Racing Honda RBPT | F121: 19 | G121: 19 | H121: 74.371 | I121: 0

Sheet Quarters Points
A1: Quarters | B1: Teams | C1: Cummulative Points
A2: Q1 | B2: Red Bull Racing Honda RBPT | C2: =211+28 -> 239
A3: Q1 | B3: McLaren Mercedes | C3: =116+8 -> 124
A4: Q1 | B4: Ferrari | C4: =167+20 -> 187
A5: Q1 | B5: Mercedes | C5: =56+8 -> 64
A6: Q2 | B6: Red Bull Racing Honda RBPT | C6: =336+37 -> 373
A7: Q2 | B7: McLaren Mercedes | C7: =274+21 -> 295
A8: Q2 | B8: Ferrari | C8: =276+21 -> 297
A9: Q2 | B9: Mercedes | C9: =205+16 -> 221
A10: Q3 | B10: Red Bull Racing Honda RBPT | C10: =438+37 -> 475
A11: Q3 | B11: McLaren Mercedes | C11: =495+21 -> 516
A12: Q3 | B12: Ferrari | C12: =415+21 -> 436
A13: Q3 | B13: Mercedes | C13: =313+16 -> 329
A14: Q4 | B14: Red Bull Racing Honda RBPT | C14: =537+52 -> 589
A15: Q4 | B15: McLaren Mercedes | C15: =609+57 -> 666
A16: Q4 | B16: Ferrari | C16: =595+57 -> 652
A17: Q4 | B17: Mercedes | C17: =433+35 -> 468

Sheet Big 4 Stats
A1: Track | B1: Position | C1: No | D1: Driver | E1: Team | F1: Starting Grid | G1: Laps | H1: Time/Retired | I1: Points | J1: Set Fastest Lap | K1: Fastest Lap Time
A2: Bahrain | B2: 1 | C2: 1 | D2: Max Verstappen | E2: Red Bull Racing Honda RBPT | F2: 1 | G2: 57 | H2: 0.063712292 | I2: 26 | J2: Yes | K2: 0.0010718519
A3: Bahrain | B3: 2 | C3: 11 | D3: Sergio Perez | E3: Red Bull Racing Honda RBPT | F3: 5 | G3: 57 | H3: 22.457 | I3: 18 | J3: No | K3: 0.0010921759
A4: Bahrain | B4: 3 | C4: 55 | D4: Carlos Sainz | E4: Ferrari | F4: 4 | G4: 57 | H4: 25.11 | I4: 15 | J4: No | K4: 0.001093831
A5: Bahrain | B5: 4 | C5: 16 | D5: Charles Leclerc | E5: Ferrari | F5: 2 | G5: 57 | H5: 39.669 | I5: 12 | J5: No | K5: 0.0010890046
A6: Bahrain | B6: 5 | C6: 63 | D6: George Russell | E6: Mercedes | F6: 3 | G6: 57 | H6: 46.788 | I6: 10 | J6: No | K6: 0.0011002894
A7: Bahrain | B7: 6 | C7: 4 | D7: Lando Norris | E7: McLaren Mercedes | F7: 7 | G7: 57 | H7: 48.458 | I7: 8 | J7: No | K7: 0.0010934722
A8: Bahrain | B8: 7 | C8: 44 | D8: Lewis Hamilton | E8: Mercedes | F8: 9 | G8: 57 | H8: 50.324 | I8: 6 | J8: No | K8: 0.0010963194
A9: Bahrain | B9: 8 | C9: 81 | D9: Oscar Piastri | E9: McLaren Mercedes | F9: 8 | G9: 57 | H9: 56.082 | I9: 4 | J9: No | K9: 0.0010993403
A10: Saudi Arabia | B10: 1 | C10: 1 | D10: Max Verstappen | E10: Red Bull Racing Honda RBPT | F10: 1 | G10: 50 | H10: 0.0560564 | I10: 25 | J10: No | K10: 0.0010621875
A11: Saudi Arabia | B11: 2 | C11: 11 | D11: Sergio Perez | E11: Red Bull Racing Honda RBPT | F11: 3 | G11: 50 | H11: 13.643 | I11: 18 | J11: No | K11: 0.0010679745
A12: Saudi Arabia | B12: 3 | C12: 16 | D12: Charles Leclerc | E12: Ferrari | F12: 2 | G12: 50 | H12: 18.639 | I12: 16 | J12: Yes | K12: 0.0010605556
A13: Saudi Arabia | B13: 4 | C13: 81 | D13: Oscar Piastri | E13: McLaren Mercedes | F13: 5 | G13: 50 | H13: 32.007 | I13: 12 | J13: No | K13: 0.0010684028
... A22: Australia | B22: 5 | C22: 11 | D22: Sergio Perez | E22: Red Bull Racing Honda RBPT | F22: 6 | G22: 58 | H22: 56.309 | I22: 10 | J22: No | K22: 0.00093041667
A23: Australia | B23: 17 | C23: 63 | D23: George Russell | E23: Mercedes | F23: 7 | G23: 56 | H23: DNF | I23: 0 | J23: No | K23: 0.00092921296
A24: Australia | B24: NC | C24: 44 | D24: Lewis Hamilton | E24: Mercedes | F24: 11 | G24: 15 | H24: DNF | I24: 0 | J24: No | K24: 0.00095421296
A25: Australia | B25: NC | C25: 1 | D25: Max Verstappen | E25: Red Bull Racing Honda RBPT | F25: 1 | G25: 3 | H25: DNF | I25: 0 | J25: No | K25: 0.00096197917
A26: Japan | B26: 1 | C26: 1 | D26: Max Verstappen | E26: Red Bull Racing Honda RBPT | F26: 1 | G26: 53 | H26: 0.079439421 | I26: 26 | J26: Yes | K26: 0.0010845602
A27: Japan | B27: 2 | C27: 11 | D27: Sergio Perez | E27: Red Bull Racing Honda RBPT | F27: 2 | G27: 53 | H27: 12.535 | I27: 18 | J27: No | K27: 0.0010873264
A28: Japan | B28: 3 | C28: 55 | D28: Carlos Sainz | E28: Ferrari | F28: 4 | G28: 53 | H28: 20.866 | I28: 15 | J28: No | K28: 0.0010861227
A29: Japan | B29: 4 | C29: 16 | D29: Charles Leclerc | E29: Ferrari | F29: 8 | G29: 53 | H29: 26.522 | I29: 12 | J29: No | K29: 0.0011000463
A30: Japan | B30: 5 | C30: 4 | D30: Lando Norris | E30: McLaren Mercedes | F30: 3 | G30: 53 | H30: 29.7 | I30: 10 | J30: No | K30: 0.0011016898
A31: Japan | B31: 7 | C31: 63 | D31: George Russell | E31: Mercedes | F31: 9 | G31: 53 | H31: 45.951 | I31: 6 | J31: No | K31: 0.0010926389
A32: Japan | B32: 8 | C32: 81 | D32: Oscar Piastri | E32: McLaren Mercedes | F32: 6 | G32: 53 | H32: 47.525 | I32: 4 | J32: No | K32: 0.0010972454
A33: Japan | B33: 9 | C33: 44 | D33: Lewis Hamilton | E33: Mercedes | F33: 7 | G33: 53 | H33: 48.626 | I33: 2 | J33: No | K33: 0.0010874074
A34: China | B34: 1 | C34: 1 | D34: Max Verstappen | E34: Red Bull Racing Honda RBPT | F34: 1 | G34: 56 | H34: 0.070052708 | I34: 25 | J34: No | K34: 0.0011389583
A35: China | B35: 2 | C35: 4 | D35: Lando Norris | E35: McLaren Mercedes | F35: 4 | G35: 56 | H35: 13.773 | I35: 18 | J35: No | K35: 0.0011429514
A36: China | B36: 3 | C36: 11 | D36: Sergio Perez | E36: Red Bull Racing Honda RBPT | F36: 2 | G36: 56 | H36: 19.16 | I36: 15 | J36: No | K36: 0.0011503241
A37: China | B37: 4 | C37: 16 | D37: Charles Leclerc | E37: Ferrari | F37: 6 | G37: 56 | H37: 23.623 | I37: 12 | J37: No | K37: 0.0011502778
... A64: Monaco | B64: 7 | C64: 44 | D64: Lewis Hamilton | E64: Mercedes | F64: 7 | G64: 78 | H64: 14.908 | I64: 7 | J64: Yes | K64: 0.0008583912
A65: Monaco | B65: NC | C65: 11 | D65: Sergio Perez | E65: Red Bull Racing Honda RBPT | F65: 16 | G65: 0 | H65: DNF | I65: 0 | J65: No
A66: Canada | B66: 1 | C66: 1 | D66: Max Verstappen | E66: Red Bull Racing Honda RBPT | F66: 2 | G66: 70 | H66: 0.073471377 | I66: 25 | J66: No | K66: 0.0008746412
A67: Canada | B67: 2 | C67: 4 | D67: Lando Norris | E67: McLaren Mercedes | F67: 3 | G67: 70 | H67: 3.879 | I67: 18 | J67: No | K67: 0.00087451389
A68: Canada | B68: 3 | C68: 63 | D68: George Russell | E68: Mercedes | F68: 1 | G68: 70 | H68: 4.317 | I68: 15 | J68: No | K68: 0.00086684028
A69: Canada | B69: 4 | C69: 44 | D69: Lewis Hamilton | E69: Mercedes | F69: 7 | G69: 70 | H69: 4.915 | I69: 13 | J69: Yes | K69: 0.00086638889
A70: Canada | B70: 5 | C70: 81 | D70: Oscar Piastri | E70: McLaren Mercedes | F70: 4 | G70: 70 | H70: 10.199 | I70: 10 | J70: No | K70: 0.00088248843
A71: Canada | B71: NC | C71: 55 | D71: Carlos Sainz | E71: Ferrari | F71: 12 | G71: 52 | H71: DNF | I71: 0 | J71: No | K71: 0.00091385417
A72: Canada | B72: NC | C72: 11 | D72: Sergio Perez | E72: Red Bull Racing Honda RBPT | F72: 16 | G72: 51 | H72: DNF | I72: 0 | J72: No | K72: 0.00091225694
A73: Canada | B73: NC | C73: 16 | D73: Charles Leclerc | E73: Ferrari | F73: 11 | G73: 40 | H73: DNF | I73: 0 | J73: No | K73: 0.00099550926
A74: Spain | B74: 1 | C74: 1 | D74: Max Verstappen | E74: Red Bull Racing Honda RBPT | F74: 2 | G74: 66 | H74: 0.06134522 | I74: 25 | J74: No | K74: 0.00090018519
A75: Spain | B75: 2 | C75: 4 | D75: Lando Norris | E75: McLaren Mercedes | F75: 1 | G75: 66 | H75: 2.219 | I75: 19 | J75: Yes | K75: 0.00089253472
A76: Spain | B76: 3 | C76: 44 | D76: Lewis Hamilton | E76: Mercedes | F76: 3 | G76: 66 | H76: 17.79 | I76: 15 | J76: No | K76: 0.00090056713
A77: Spain | B77: 4 | C77: 63 | D77: George Russell | E77: Mercedes | F77: 4 | G77: 66 | H77: 22.32 | I77: 12 | J77: No | K77: 0.00090613426
A78: Spain | B78: 5 | C78: 16 | D78: Charles Leclerc | E78: Ferrari | F78: 5 | G78: 66 | H78: 22.709 | I78: 10 | J78: No | K78: 0.00090158565
A79: Spain | B79: 6 | C79: 55 | D79: Carlos Sainz | E79: Ferrari | F79: 6 | G79: 66 | H79: 31.028 | I79: 8 | J79: No | K79: 0.0009090162
A80: Spain | B80: 7 | C80: 81 | D80: Oscar Piastri | E80: McLaren Mercedes | F80: 9 | G80: 66 | H80: 33.76 | I80: 6 | J80: No | K80: 0.00090131944
A81: Spain | B81: 8 | C81: 11 | D81: Sergio Perez | E81: Red Bull Racing Honda RBPT | F81: 11 | G81: 66 | H81: 59.524 | I81: 4 | J81: No | K81: 0.00090028935
A82: Austria | B82: 1 | C82: 63 | D82: George Russell | E82: Mercedes | F82: 3 | G82: 71 | H82: 0.058597199 | I82: 25 | J82: No | K82: 0.00080050926
A83: Austria | B83: 2 | C83: 81 | D83: Oscar Piastri | E83: McLaren Mercedes | F83: 7 | G83: 71 | H83: 1.906 | I83: 18 | J83: No | K83: 0.00079510417
A84: Austria | B84: 3 | C84: 55 | D84: Carlos Sainz | E84: Ferrari | F84: 4 | G84: 71 | H84: 4.533 | I84: 15 | J84: No | K84: 0.000801875
A85: Austria | B85: 4 | C85: 44 | D85: Lewis Hamilton | E85: Mercedes | F85: 5 | G85: 71 | H85: 23.142 | I85: 12 | J85: No | K85: 0.00080511574
... A88: Austria | B88: 11 | C88: 16 | D88: Charles Leclerc | E88: Ferrari | F88: 6 | G88: 71 | H88: 67.056 | I88: 0 | J88: No | K88: 0.00080537037
A89: Austria | B89: 20 | C89: 4 | D89: Lando Norris | E89: McLaren Mercedes | F89: 2 | G89: 64 | H89: +7 laps | I89: 0 | J89: No | K89: 0.00078722222
A90: Great Britain | B90: 1 | C90: 44 | D90: Lewis Hamilton | E90: Mercedes | F90: 2 | G90: 52 | H90: 0.057257627 | I90: 25 | J90: No | K90: 0.001035162
A91: Great Britain | B91: 2 | C91: 1 | D91: Max Verstappen | E91: Red Bull Racing Honda RBPT | F91: 4 | G91: 52 | H91: 1.465 | I91: 18 | J91: No | K91: 0.001029537
A92: Great Britain | B92: 3 | C92: 4 | D92: Lando Norris | E92: McLaren Mercedes | F92: 3 | G92: 52 | H92: 7.547 | I92: 15 | J92: No | K92: 0.001033125
A93: Great Britain | B93: 4 | C93: 81 | D93: Oscar Piastri | E93: McLaren Mercedes | F93: 5 | G93: 52 | H93: 12.429 | I93: 12 | J93: No | K93: 0.0010271759
A94: Great Britain | B94: 5 | C94: 55 | D94: Carlos Sainz | E94: Ferrari | F94: 7 | G94: 52 | H94: 47.318 | I94: 11 | J94: Yes | K94: 0.0010219097
A95: Great Britain | B95: 14 | C95: 16 | D95: Charles Leclerc | E95: Ferrari | F95: 11 | G95: 51 | H95: +1 lap | I95: 0 | J95: No | K95: 0.00103875
A96: Great Britain | B96: 17 | C96: 11 | D96: Sergio Perez | E96: Red Bull Racing Honda RBPT | F96: 20 | G96: 50 | H96: +2 laps | I96: 0 | J96: No | K96: 0.0010382755
A97: Great Britain | B97: NC | C97: 63 | D97: George Russell | E97: Mercedes | F97: 1 | G97: 33 | H97: DNF | I97: 0 | J97: No | K97: 0.0010566898
A98: Hungary | B98: 1 | C98: 81 | D98: Oscar Piastri | E98: McLaren Mercedes | F98: 2 | G98: 70 | H98: 0.068078576 | I98: 25 | J98: No | K98: 0.00094578704
A99: Hungary | B99: 2 | C99: 4 | D99: Lando Norris | E99: McLaren Mercedes | F99: 1 | G99: 70 | H99: 2.141 | I99: 18 | J99: No | K99: 0.00094574074
A100: Hungary | B100: 3 | C100: 44 | D100: Lewis Hamilton | E100: Mercedes | F100: 5 | G100: 70 | H100: 14.88 | I100: 15 | J100: No | K100: 0.00095084491
A101: Hungary | B101: 4 | C101: 16 | D101: Charles Leclerc | E101: Ferrari | F101: 6 | G101: 70 | H101: 19.686 | I101: 12 | J101: No | K101: 0.00095118056
A102: Hungary | B102: 5 | C102: 1 | D102: Max Verstappen | E102: Red Bull Racing Honda RBPT | F102: 3 | G102: 70 | H102: 21.349 | I102: 10 | J102: No | K102: 0.00093643519
A103: Hungary | B103: 6 | C103: 55 | D103: Carlos Sainz | E103: Ferrari | F103: 4 | G103: 70 | H103: 23.073 | I103: 8 | J103: No | K103: 0.00094260417
A104: Hungary | B104: 7 | C104: 11 | D104: Sergio Perez | E104: Red Bull Racing Honda RBPT | F104: 16 | G104: 70 | H104: 39.792 | I104: 6 | J104: No | K104: 0.00093861111
A105: Hungary | B105: 8 | C105: 63 | D105: George Russell | E105: Mercedes | F105: 17 | G105: 70 | H105: 42.368 | I105: 5 | J105: Yes | K105: 0.00092945602
A106: Belgium | B106: DQ | C106: 63 | D106: George Russell | E106: Mercedes | F106: 6 | G106: 44 | H106: 0.055521296 | I106: 0 | J106: No | K106: 0.0012397338
A107: Belgium | B107: 1 | C107: 44 | D107: Lewis Hamilton | E107: Mercedes | F107: 3 | G107: 44 | H107: 0.526 | I107: 25 | J107: No | K107: 0.0012344097
A108: Belgium | B108: 2 | C108: 81 | D108: Oscar Piastri | E108: McLaren Mercedes | F108: 5 | G108: 44 | H108: 1.173 | I108: 18 | J108: No | K108: 0.001225
A109: Belgium | B109: 3 | C109: 16 | D109: Charles Leclerc | E109: Ferrari | F109: 1 | G109: 44 | H109: 8.549 | I109: 15 | J109: No | K109: 0.0012385764
A110: Belgium | B110: 4 | C110: 1 | D110: Max Verstappen | E110: Red Bull Racing Honda RBPT | F110: 11 | G110: 44 | H110: 9.226 | I110: 12 | J110: No | K110: 0.0012283333
A111: Belgium | B111: 5 | C111: 4 | D111: Lando Norris | E111: McLaren Mercedes | F111: 4 | G111: 44 | H111: 9.85 | I111: 10 | J111: No | K111: 0.001221794
A112: Belgium | B112: 6 | C112: 55 | D112: Carlos Sainz | E112: Ferrari | F112: 7 | G112: 44 | H112: 19.795 | I112: 8 | J112: No | K112: 0.0012310648
A113: Belgium | B113: 7 | C113: 11 | D113: Sergio Perez | E113: Red Bull Racing Honda RBPT | F113: 2 | G113: 44 | H113: 3.195 | I113: 7 | J113: Yes | K113: 0.0012118171
A114: Netherlands | B114: 1 | C114: 4 | D114: Lando Norris | E114: McLaren Mercedes | F114: 1 | G114: 72 | H114: 0.06302684 | I114: 26 | J114: Yes | K114: 0.00085436343
A115: Netherlands | B115: 2 | C115: 1 | D115: Max Verstappen | E115: Red Bull Racing Honda RBPT | F115: 2 | G115: 72 | H115: 22.896 | I115: 18 | J115: No | K115: 0.00086518519
A116: Netherlands | B116: 3 | C116: 16 | D116: Charles Leclerc | E116: Ferrari | F116: 6 | G116: 72 | H116: 25.439 | I116: 15 | J116: No | K116: 0.00086325231
A117: Netherlands | B117: 4 | C117: 81 | D117: Oscar Piastri | E117: McLaren Mercedes | F117: 3 | G117: 72 | H117: 27.337 | I117: 12 | J117: No | K117: 0.00085922454
A118: Netherlands | B118: 5 | C118: 55 | D118: Carlos Sainz | E118: Ferrari | F118: 10 | G118: 72 | H118: 32.137 | I118: 10 | J118: No | K118: 0.00085783565
... A135: Azerbaijan | B135: 9 | C135: 44 | D135: Lewis Hamilton | E135: Mercedes | F135: 19 | G135: 51 | H135: 92.401 | I135: 2 | J135: No | K135: 0.0012411574
A136: Azerbaijan | B136: 17 | C136: 11 | D136: Sergio Perez | E136: Red Bull Racing Honda RBPT | F136: 4 | G136: 49 | H136: DNF | I136: 0 | J136: No | K136: 0.0012385764
A137: Azerbaijan | B137: 18 | C137: 55 | D137: Carlos Sainz | E137: Ferrari | F137: 3 | G137: 49 | H137: DNF | I137: 0 | J137: No | K137: 0.001236875
A138: Singapore | B138: 1 | C138: 4 | D138: Lando Norris | E138: McLaren Mercedes | F138: 1 | G138: 62 | H138: 0.070052905 | I138: 25 | J138: No | K138: 0.001098669
A139: Singapore | B139: 2 | C139: 1 | D139: Max Verstappen | E139: Red Bull Racing Honda RBPT | F139: 2 | G139: 62 | H139: 20.945 | I139: 18 | J139: No | K139: 0.0011107292
A140: Singapore | B140: 3 | C140: 81 | D140: Oscar Piastri | E140: McLaren Mercedes | F140: 5 | G140: 62 | H140: 41.823 | I140: 15 | J140: No | K140: 0.0011081597
A141: Singapore | B141: 4 | C141: 63 | D141: George Russell | E141: Mercedes | F141: 4 | G141: 62 | H141: 61.04 | I141: 12 | J141: No | K141: 0.0011232292
A142: Singapore | B142: 5 | C142: 16 | D142: Charles Leclerc | E142: Ferrari | F142: 9 | G142: 62 | H142: 62.43 | I142: 10 | J142: No | K142: 0.001103831
A143: Singapore | B143: 6 | C143: 44 | D143: Lewis Hamilton | E143: Mercedes | F143: 3 | G143: 62 | H143: 85.248 | I143: 8 | J143: No | K143: 0.0011272338
A144: Singapore | B144: 7 | C144: 55 | D144: Carlos Sainz | E144: Ferrari | F144: 10 | G144: 62 | H144: 96.039 | I144: 6 | J144: No | K144: 0.0011176042
A145: Singapore | B145: 10 | C145: 11 | D145: Sergio Perez | E145: Red Bull Racing Honda RBPT | F145: 13 | G145: 61 | H145: +1 lap | I145: 1 | J145: No | K145: 0.001128206
A146: United States | B146: 1 | C146: 16 | D146: Charles Leclerc | E146: Ferrari | F146: 4 | G146: 56 | H146: 0.066083785 | I146: 25 | J146: No | K146: 0.001132338
A147: United States | B147: 2 | C147: 55 | D147: Carlos Sainz | E147: Ferrari | F147: 3 | G147: 56 | H147: 8.562 | I147: 18 | J147: No | K147: 0.0011315162
A148: United States | B148: 3 | C148: 1 | D148: Max Verstappen | E148: Red Bull Racing Honda RBPT | F148: 2 | G148: 56 | H148: 19.412 | I148: 15 | J148: No | K148: 0.0011356134
A149: United States | B149: 4 | C149: 4 | D149: Lando Norris | E149: McLaren Mercedes | F149: 1 | G149: 56 | H149: 20.354 | I149: 12 | J149: No | K149: 0.001130544
A150: United States | B150: 5 | C150: 81 | D150: Oscar Piastri | E150: McLaren Mercedes | F150: 5 | G150: 56 | H150: 21.921 | I150: 10 | J150: No | K150: 0.0011329051
A151: United States | B151: 6 | C151: 63 | D151: George Russell | E151: Mercedes | F151: 20 | G151: 56 | H151: 56.295 | I151: 8 | J151: No | K151: 0.0011302778
A152: United States | B152: 7 | C152: 11 | D152: Sergio Perez | E152: Red Bull Racing Honda RBPT | F152: 9 | G152: 56 | H152: 59.072 | I152: 6 | J152: No | K152: 0.0011402083
...

Sheet RedBull
A1: Track | B1: Position | C1: No | D1: Driver | E1: Team | F1: Starting Grid | G1: Laps | H1: Time/Retired | I1: Points | J1: Set Fastest Lap | K1: Fastest Lap Time | N1: Red Bull Points | O1: Track Index
A2: Bahrain | B2: 1 | C2: 1 | D2: Max Verstappen | E2: Red Bull Racing Honda RBPT | F2: 1 | G2: 57 | H2: 0.063712292 | I2: 26 | J2: Yes | K2: 0.0010718519 | L2: =I2+I3 -> 44 | N2: 44 | O2: =_xlfn.XLOOKUP(A2,Formula1_2024season_raceResults!A:A,Formula1_2024season_raceResults!L:L) -> 1
A3: Bahrain | B3: 2 | C3: 11 | D3: Sergio Perez | E3: Red Bull Racing Honda RBPT | F3: 5 | G3: 57 | H3: 22.457 | I3: 18 | J3: No | K3: 0.0010921759 | O3: =_xlfn.XLOOKUP(A3,Formula1_2024season_raceResults!A:A,Formula1_2024season_raceResults!L:L) -> 1
A4: Saudi Arabia | B4: 1 | C4: 1 | D4: Max Verstappen | E4: Red Bull Racing Honda RBPT | F4: 1 | G4: 50 | H4: 0.0560564 | I4: 25 | J4: No | K4: 0.0010621875 | L4: =I4+I5 -> 43 | N4: 43 | O4: =_xlfn.XLOOKUP(A4,Formula1_2024season_raceResults!A:A,Formula1_2024season_raceResults!L:L) -> 2
A5: Saudi Arabia | B5: 2 | C5: 11 | D5: Sergio Perez | E5: Red Bull Racing Honda RBPT | F5: 3 | G5: 50 | H5: 13.643 | I5: 18 | J5: No | K5: 0.0010679745 | O5: =_xlfn.XLOOKUP(A5,Formula1_2024season_raceResults!A:A,Formula1_2024season_raceResults!L:L) -> 2
A6: Australia | B6: 5 | C6: 11 | D6: Sergio Perez | E6: Red Bull Racing Honda RBPT | F6: 6 | G6: 58 | H6: 56.309 | I6: 10 | J6: No | K6: 0.00093041667 | L6: =I6+I7 -> 10 | N6: 10 | O6: =_xlfn.XLOOKUP(A6,Formula1_2024season_raceResults!A:A,Formula1_2024season_raceResults!L:L) -> 3
A7: Australia | C7: 1 | D7: Max Verstappen | E7: Red Bull Racing Honda RBPT | F7: 1 | G7: 3 | H7: DNF | I7: 0 | J7: No | K7: 0.00096197917 | O7: =_xlfn.XLOOKUP(A7,Formula1_2024season_raceResults!A:A,Formula1_2024season_raceResults!L:L) -> 3
A8: Japan | B8: 1 | C8: 1 | D8: Max Verstappen | E8: Red Bull Racing Honda RBPT | F8: 1 | G8: 53 | H8: 0.079439421 | I8: 26 | J8: Yes | K8: 0.0010845602 | L8: =I8+I9 -> 44 | N8: 44 | O8: =_xlfn.XLOOKUP(A8,Formula1_2024season_raceResults!A:A,Formula1_2024season_raceResults!L:L) -> 4
A9: Japan | B9: 2 | C9: 11 | D9: Sergio Perez | E9: Red Bull Racing Honda RBPT | F9: 2 | G9: 53 | H9: 12.535 | I9: 18 | J9: No | K9: 0.0010873264 | O9: =_xlfn.XLOOKUP(A9,Formula1_2024season_raceResults!A:A,Formula1_2024season_raceResults!L:L) -> 4
A10: China | B10: 1 | C10: 1 | D10: Max Verstappen | E10: Red Bull Racing Honda RBPT | F10: 1 | G10: 56 | H10: 0.070052708 | I10: 25 | J10: No | K10: 0.0011389583 | L10: =I10+I11 -> 40 | N10: 40 | O10: =_xlfn.XLOOKUP(A10,Formula1_2024season_raceResults!A:A,Formula1_2024season_raceResults!L:L) -> 5
A11: China | B11: 3 | C11: 11 | D11: Sergio Perez | E11: Red Bull Racing Honda RBPT | F11: 2 | G11: 56 | H11: 19.16 | I11: 15 | J11: No | K11: 0.0011503241 | O11: =_xlfn.XLOOKUP(A11,Formula1_2024season_raceResults!A:A,Formula1_2024season_raceResults!L:L) -> 5
A12: Miami | B12: 2 | C12: 1 | D12: Max Verstappen | E12: Red Bull Racing Honda RBPT | F12: 1 | G12: 57 | H12: 7.612 | I12: 18 | J12: No | K12: 0.0010562616 | L12: =I12+I13 -> 30 | N12: 30 | O12: =_xlfn.XLOOKUP(A12,Formula1_2024season_raceResults!A:A,Formula1_2024season_raceResults!L:L) -> 6
A13: Miami | B13: 4 | C13: 11 | D13: Sergio Perez | E13: Red Bull Racing Honda RBPT | F13: 4 | G13: 57 | H13: 14.65 | I13: 12 | J13: No | K13: 0.0010515625 | O13: =_xlfn.XLOOKUP(A13,Formula1_2024season_raceResults!A:A,Formula1_2024season_raceResults!L:L) -> 6
A14: Emilia Romagna | B14: 1 | C14: 1 | D14: Max Verstappen | E14: Red Bull Racing Honda RBPT | F14: 1 | G14: 63 | H14: 0.059320046 | I14: 25 | J14: No | K14: 0.00093016204 | L14: =I14+I15 -> 29 | N14: 29 | O14: =_xlfn.XLOOKUP(A14,Formula1_2024season_raceResults!A:A,Formula1_2024season_raceResults!L:L) -> 7
A15: Emilia Romagna | B15: 8 | C15: 11 | D15: Sergio Perez | E15: Red Bull Racing Honda RBPT | F15: 11 | G15: 63 | H15: 54.776 | I15: 4 | J15: No | K15: 0.00092229167 | O15: =_xlfn.XLOOKUP(A15,Formula1_2024season_raceResults!A:A,Formula1_2024season_raceResults!L:L) -> 7
A16: Monaco | B16: 6 | C16: 1 | D16: Max Verstappen | E16: Red Bull Racing Honda RBPT | F16: 6 | G16: 78 | H16: 13.853 | I16: 8 | J16: No | K16: 0.00086306713 | L16: =I16+I17 -> 8 | N16: 8 | O16: =_xlfn.XLOOKUP(A16,Formula1_2024season_raceResults!A:A,Formula1_2024season_raceResults!L:L) -> 8
A17: Monaco | C17: 11 | D17: Sergio Perez | E17: Red Bull Racing Honda RBPT | F17: 16 | G17: 0 | H17: DNF | I17: 0 | J17: No | O17: =_xlfn.XLOOKUP(A17,Formula1_2024season_raceResults!A:A,Formula1_2024season_raceResults!L:L) -> 8
A18: Canada | B18: 1 | C18: 1 | D18: Max Verstappen | E18: Red Bull Racing Honda RBPT | F18: 2 | G18: 70 | H18: 0.073471377 | I18: 25 | J18: No | K18: 0.0008746412 | L18: =I18+I19 -> 25 | N18: 25 | O18: =_xlfn.XLOOKUP(A18,Formula1_2024season_raceResults!A:A,Formula1_2024season_raceResults!L:L) -> 9
A19: Canada | C19: 11 | D19: Sergio Perez | E19: Red Bull Racing Honda RBPT | F19: 16 | G19: 51 | H19: DNF | I19: 0 | J19: No | K19: 0.00091225694 | O19: =_xlfn.XLOOKUP(A19,Formula1_2024season_raceResults!A:A,Formula1_2024season_raceResults!L:L) -> 9
A20: Spain | B20: 1 | C20: 1 | D20: Max Verstappen | E20: Red Bull Racing Honda RBPT | F20: 2 | G20: 66 | H20: 0.06134522 | I20: 25 | J20: No | K20: 0.00090018519 | L20: =I20+I21 -> 29 | N20: 29 | O20: =_xlfn.XLOOKUP(A20,Formula1_2024season_raceResults!A:A,Formula1_2024season_raceResults!L:L) -> 10
A21: Spain | B21: 8 | C21: 11 | D21: Sergio Perez | E21: Red Bull Racing Honda RBPT | F21: 11 | G21: 66 | H21: 59.524 | I21: 4 | J21: No | K21: 0.00090028935 | O21: =_xlfn.XLOOKUP(A21,Formula1_2024season_raceResults!A:A,Formula1_2024season_raceResults!L:L) -> 10
A22: Austria | B22: 5 | C22: 1 | D22: Max Verstappen | E22: Red Bull Racing Honda RBPT | F22: 1 | G22: 71 | H22: 37.253 | I22: 10 | J22: No | K22: 0.00078378472 | L22: =I22+I23 -> 16 | N22: 16 | O22: =_xlfn.XLOOKUP(A22,Formula1_2024season_raceResults!A:A,Formula1_2024season_raceResults!L:L) -> 11
A23: Austria | B23: 7 | C23: 11 | D23: Sergio Perez | E23: Red Bull Racing Honda RBPT | F23: 8 | G23: 71 | H23: 54.672 | I23: 6 | J23: No | K23: 0.00080664352 | O23: =_xlfn.XLOOKUP(A23,Formula1_2024season_raceResults!A:A,Formula1_2024season_raceResults!L:L) -> 11
A24: Great Britain | B24: 2 | C24: 1 | D24: Max Verstappen | E24: Red Bull Racing Honda RBPT | F24: 4 | G24: 52 | H24: 1.465 | I24: 18 | J24: No | K24: 0.001029537 | L24: =I24+I25 -> 18 | N24: 18 | O24: =_xlfn.XLOOKUP(A24,Formula1_2024season_raceResults!A:A,Formula1_2024season_raceResults!L:L) -> 12
A25: Great Britain | B25: 17 | C25: 11 | D25: Sergio Perez | E25: Red Bull Racing Honda RBPT | F25: 20 | G25: 50 | H25: +2 laps | I25: 0 | J25: No | K25: 0.0010382755 | O25: =_xlfn.XLOOKUP(A25,Formula1_2024season_raceResults!A:A,Formula1_2024season_raceResults!L:L) -> 12
A26: Hungary | B26: 5 | C26: 1 | D26: Max Verstappen | E26: Red Bull Racing Honda RBPT | F26: 3 | G26: 70 | H26: 21.349 | I26: 10 | J26: No | K26: 0.00093643519 | L26: =I26+I27 -> 16 | N26: 16 | O26: =_xlfn.XLOOKUP(A26,Formula1_2024season_raceResults!A:A,Formula1_2024season_raceResults!L:L) -> 13
A27: Hungary | B27: 7 | C27: 11 | D27: Sergio Perez | E27: Red Bull Racing Honda RBPT | F27: 16 | G27: 70 | H27: 39.792 | I27: 6 | J27: No | K27: 0.00093861111 | O27: =_xlfn.XLOOKUP(A27,Formula1_2024season_raceResults!A:A,Formula1_2024season_raceResults!L:L) -> 13
A28: Belgium | B28: 4 | C28: 1 | D28: Max Verstappen | E28: Red Bull Racing Honda RBPT | F28: 11 | G28: 44 | H28: 9.226 | I28: 12 | J28: No | K28: 0.0012283333 | L28: =I28+I29 -> 19 | N28: 19 | O28: =_xlfn.XLOOKUP(A28,Formula1_2024season_raceResults!A:A,Formula1_2024season_raceResults!L:L) -> 14
A29: Belgium | B29: 7 | C29: 11 | D29: Sergio Perez | E29: Red Bull Racing Honda RBPT | F29: 2 | G29: 44 | H29: 3.195 | I29: 7 | J29: Yes | K29: 0.0012118171 | O29: =_xlfn.XLOOKUP(A29,Formula1_2024season_raceResults!A:A,Formula1_2024season_raceResults!L:L) -> 14
A30: Netherlands | B30: 2 | C30: 1 | D30: Max Verstappen | E30: Red Bull Racing Honda RBPT | F30: 2 | G30: 72 | H30: 22.896 | I30: 18 | J30: No | K30: 0.00086518519 | L30: =I30+I31 -> 26 | N30: 26 | O30: =_xlfn.XLOOKUP(A30,Formula1_2024season_raceResults!A:A,Formula1_2024season_raceResults!L:L) -> 15
A31: Netherlands | B31: 6 | C31: 11 | D31: Sergio Perez | E31: Red Bull Racing Honda RBPT | F31: 5 | G31: 72 | H31: 39.542 | I31: 8 | J31: No | K31: 0.00086327546 | O31: =_xlfn.XLOOKUP(A31,Formula1_2024season_raceResults!A:A,Formula1_2024season_raceResults!L:L) -> 15
A32: Italy | B32: 6 | C32: 1 | D32: Max Verstappen | E32: Red Bull Racing Honda RBPT | F32: 7 | G32: 53 | H32: 37.932 | I32: 8 | J32: No | K32: 0.00094612269 | L32: =I32+I33 -> 12 | N32: 12 | O32: =_xlfn.XLOOKUP(A32,Formula1_2024season_raceResults!A:A,Formula1_2024season_raceResults!L:L) -> 16
A33: Italy | B33: 8 | C33: 11 | D33: Sergio Perez | E33: Red Bull Racing Honda RBPT | F33: 8 | G33: 53 | H33: 54.148 | I33: 4 | J33: No | K33: 0.0009603125 | O33: =_xlfn.XLOOKUP(A33,Formula1_2024season_raceResults!A:A,Formula1_2024season_raceResults!L:L) -> 16
A34: Azerbaijan | B34: 5 | C34: 1 | D34: Max Verstappen | E34: Red Bull Racing Honda RBPT | F34: 6 | G34: 51 | H34: 77.098 | I34: 10 | J34: No | K34: 0.001236088 | L34: =I34+I35 -> 10 | N34: 10 | O34: =_xlfn.XLOOKUP(A34,Formula1_2024season_raceResults!A:A,Formula1_2024season_raceResults!L:L) -> 17
A35: Azerbaijan | B35: 17 | C35: 11 | D35: Sergio Perez | E35: Red Bull Racing Honda RBPT | F35: 4 | G35: 49 | H35: DNF | I35: 0 | J35: No | K35: 0.0012385764 | O35: =_xlfn.XLOOKUP(A35,Formula1_2024season_raceResults!A:A,Formula1_2024season_raceResults!L:L) -> 17
A36: Singapore | B36: 2 | C36: 1 | D36: Max Verstappen | E36: Red Bull Racing Honda RBPT | F36: 2 | G36: 62 | H36: 20.945 | I36: 18 | J36: No | K36: 0.0011107292 | L36: =I36+I37 -> 19 | N36: 19 | O36: =_xlfn.XLOOKUP(A36,Formula1_2024season_raceResults!A:A,Formula1_2024season_raceResults!L:L) -> 18
A37: Singapore | B37: 10 | C37: 11 | D37: Sergio Perez | E37: Red Bull Racing Honda RBPT | F37: 13 | G37: 61 | H37: +1 lap | I37: 1 | J37: No | K37: 0.001128206 | O37: =_xlfn.XLOOKUP(A37,Formula1_2024season_raceResults!A:A,Formula1_2024season_raceResults!L:L) -> 18
A38: United States | B38: 3 | C38: 1 | D38: Max Verstappen | E38: Red Bull Racing Honda RBPT | F38: 2 | G38: 56 | H38: 19.412 | I38: 15 | J38: No | K38: 0.0011356134 | L38: =I38+I39 -> 21 | N38: 21 | O38: =_xlfn.XLOOKUP(A38,Formula1_2024season_raceResults!A:A,Formula1_2024season_raceResults!L:L) -> 19
A39: United States | B39: 7 | C39: 11 | D39: Sergio Perez | E39: Red Bull Racing Honda RBPT | F39: 9 | G39: 56 | H39: 59.072 | I39: 6 | J39: No | K39: 0.0011402083 | O39: =_xlfn.XLOOKUP(A39,Formula1_2024season_raceResults!A:A,Formula1_2024season_raceResults!L:L) -> 19
A40: Mexico | B40: 6 | C40: 1 | D40: Max Verstappen | E40: Red Bull Racing Honda RBPT | F40: 2 | G40: 71 | H40: 59.558 | I40: 8 | J40: No | K40: 0.00093601852 | L40: =I40+I41 -> 8 | N40: 8 | O40: =_xlfn.XLOOKUP(A40,Formula1_2024season_raceResults!A:A,Formula1_2024season_raceResults!L:L) -> 20
A41: Mexico | B41: 17 | C41: 11 | D41: Sergio Perez | E41: Red Bull Racing Honda RBPT | F41: 18 | G41: 70 | H41: +1 lap | I41: 0 | J41: No | K41: 0.00091677083 | O41: =_xlfn.XLOOKUP(A41,Formula1_2024season_raceResults!A:A,Formula1_2024season_raceResults!L:L) -> 20
A42: Brazil | B42: 1 | C42: 1 | D42: Max Verstappen | E42: Red Bull Racing Honda RBPT | F42: 17 | G42: 69 | H42: 0.088129977 | I42: 26 | J42: Yes | K42: 0.00093138889 | L42: =I42+I43 -> 26 | N42: 26 | O42: =_xlfn.XLOOKUP(A42,Formula1_2024season_raceResults!A:A,Formula1_2024season_raceResults!L:L) -> 21
A43: Brazil | B43: 11 | C43: 11 | D43: Sergio Perez | E43: Red Bull Racing Honda RBPT | F43: 12 | G43: 69 | H43: 51.531 | I43: 0 | J43: No | K43: 0.00095072917 | O43: =_xlfn.XLOOKUP(A43,Formula1_2024season_raceResults!A:A,Formula1_2024season_raceResults!L:L) -> 21
A44: Las Vegas | B44: 5 | C44: 1 | D44: Max Verstappen | E44: Red Bull Racing Honda RBPT | F44: 5 | G44: 50 | H44: 16.582 | I44: 10 | J44: No | K44: 0.0011139815 | L44: =I44+I45 -> 11 | N44: 11 | O44: =_xlfn.XLOOKUP(A44,Formula1_2024season_raceResults!A:A,Formula1_2024season_raceResults!L:L) -> 22
A45: Las Vegas | B45: 10 | C45: 11 | D45: Sergio Perez | E45: Red Bull Racing Honda RBPT | F45: 15 | G45: 50 | H45: 63.114 | I45: 1 | J45: No | K45: 0.0011148843 | O45: =_xlfn.XLOOKUP(A45,Formula1_2024season_raceResults!A:A,Formula1_2024season_raceResults!L:L) -> 22
A46: Qatar | B46: 1 | C46: 1 | D46: Max Verstappen | E46: Red Bull Racing Honda RBPT | F46: 2 | G46: 57 | H46: 0.063256053 | I46: 25 | J46: No | K46: 0.00095954861 | L46: =I46+I47 -> 25 | N46: 25 | O46: =_xlfn.XLOOKUP(A46,Formula1_2024season_raceResults!A:A,Formula1_2024season_raceResults!L:L) -> 23
A47: Qatar | C47: 11 | D47: Sergio Perez | E47: Red Bull Racing Honda RBPT | F47: 9 | G47: 38 | H47: DNF | I47: 0 | J47: No | K47: 0.00098712963 | O47: =_xlfn.XLOOKUP(A47,Formula1_2024season_raceResults!A:A,Formula1_2024season_raceResults!L:L) -> 23
A48: Abu Dhabi | B48: 6 | C48: 1 | D48: Max Verstappen | E48: Red Bull Racing Honda RBPT | F48: 4 | G48: 58 | H48: 49.847 | I48: 8 | J48: No | K48: 0.0010157986 | L48: =I48+I49 -> 8 | N48: 8 | O48: =_xlfn.XLOOKUP(A48,Formula1_2024season_raceResults!A:A,Formula1_2024season_raceResults!L:L) -> 24
A49: Abu Dhabi | C49: 11 | D49: Sergio Perez | E49: Red Bull Racing Honda RBPT | F49: 10 | G49: 0 | H49: DNF | I49: 0 | J49: No | O49: =_xlfn.XLOOKUP(A49,Formula1_2024season_raceResults!A:A,Formula1_2024season_raceResults!L:L) -> 24

Sheet Checo
A1: Track | B1: Position | C1: No | D1: Driver | E1: Team | F1: Starting Grid | G1: Laps | H1: Time/Retired | I1: Points | J1: Set Fastest Lap | K1: Fastest Lap Time
A2: Bahrain | B2: 2 | C2: 11 | D2: Sergio Perez | E2: Red Bull Racing Honda RBPT | F2: 5 | G2: 57 | H2: 22.457 | I2: 18 | J2: No | K2: 0.0010921759
A3: Saudi Arabia | B3: 2 | C3: 11 | D3: Sergio Perez | E3: Red Bull Racing Honda RBPT | F3: 3 | G3: 50 | H3: 13.643 | I3: 18 | J3: No | K3: 0.0010679745
A4: Australia | B4: 5 | C4: 11 | D4: Sergio Perez | E4: Red Bull Racing Honda RBPT | F4: 6 | G4: 58 | H4: 56.309 | I4: 10 | J4: No | K4: 0.00093041667
A5: Japan | B5: 2 | C5: 11 | D5: Sergio Perez | E5: Red Bull Racing Honda RBPT | F5: 2 | G5: 53 | H5: 12.535 | I5: 18 | J5: No | K5: 0.0010873264
A6: China | B6: 3 | C6: 11 | D6: Sergio Perez | E6: Red Bull Racing Honda RBPT | F6: 2 | G6: 56 | H6: 19.16 | I6: 15 | J6: No | K6: 0.0011503241
A7: Miami | B7: 4 | C7: 11 | D7: Sergio Perez | E7: Red Bull Racing Honda RBPT | F7: 4 | G7: 57 | H7: 14.65 | I7: 12 | J7: No | K7: 0.0010515625
A8: Emilia Romagna | B8: 8 | C8: 11 | D8: Sergio Perez | E8: Red Bull Racing Honda RBPT | F8: 11 | G8: 63 | H8: 54.776 | I8: 4 | J8: No | K8: 0.00092229167
A9: Monaco | B9: NC | C9: 11 | D9: Sergio Perez | E9: Red Bull Racing Honda RBPT | F9: 16 | G9: 0 | H9: DNF | I9: 0 | J9: No
A10: Canada | B10: NC | C10: 11 | D10: Sergio Perez | E10: Red Bull Racing Honda RBPT | F10: 16 | G10: 51 | H10: DNF | I10: 0 | J10: No | K10: 0.00091225694
A11: Spain | B11: 8 | C11: 11 | D11: Sergio Perez | E11: Red Bull Racing Honda RBPT | F11: 11 | G11: 66 | H11: 59.524 | I11: 4 | J11: No | K11: 0.00090028935
A12: Austria | B12: 7 | C12: 11 | D12: Sergio Perez | E12: Red Bull Racing Honda RBPT | F12: 8 | G12: 71 | H12: 54.672 | I12: 6 | J12: No | K12: 0.00080664352
A13: Great Britain | B13: 17 | C13: 11 | D13: Sergio Perez | E13: Red Bull Racing Honda RBPT | F13: 20 | G13: 50 | H13: +2 laps | I13: 0 | J13: No | K13: 0.0010382755
A14: Hungary | B14: 7 | C14: 11 | D14: Sergio Perez | E14: Red Bull Racing Honda RBPT | F14: 16 | G14: 70 | H14: 39.792 | I14: 6 | J14: No | K14: 0.00093861111
A15: Belgium | B15: 7 | C15: 11 | D15: Sergio Perez | E15: Red Bull Racing Honda RBPT | F15: 2 | G15: 44 | H15: 3.195 | I15: 7 | J15: Yes | K15: 0.0012118171
A16: Netherlands | B16: 6 | C16: 11 | D16: Sergio Perez | E16: Red Bull Racing Honda RBPT | F16: 5 | G16: 72 | H16: 39.542 | I16: 8 | J16: No | K16: 0.00086327546
A17: Italy | B17: 8 | C17: 11 | D17: Sergio Perez | E17: Red Bull Racing Honda RBPT | F17: 8 | G17: 53 | H17: 54.148 | I17: 4 | J17: No | K17: 0.0009603125
A18: Azerbaijan | B18: 17 | C18: 11 | D18: Sergio Perez | E18: Red Bull Racing Honda RBPT | F18: 4 | G18: 49 | H18: DNF | I18: 0 | J18: No | K18: 0.0012385764
A19: Singapore | B19: 10 | C19: 11 | D19: Sergio Perez | E19: Red Bull Racing Honda RBPT | F19: 13 | G19: 61 | H19: +1 lap | I19: 1 | J19: No | K19: 0.001128206
A20: United States | B20: 7 | C20: 11 | D20: Sergio Perez | E20: Red Bull Racing Honda RBPT | F20: 9 | G20: 56 | H20: 59.072 | I20: 6 | J20: No | K20: 0.0011402083
A21: Mexico | B21: 17 | C21: 11 | D21: Sergio Perez | E21: Red Bull Racing Honda RBPT | F21: 18 | G21: 70 | H21: +1 lap | I21: 0 | J21: No | K21: 0.00091677083
A22: Brazil | B22: 11 | C22: 11 | D22: Sergio Perez | E22: Red Bull Racing Honda RBPT | F22: 12 | G22: 69 | H22: 51.531 | I22: 0 | J22: No | K22: 0.00095072917
A23: Las Vegas | B23: 10 | C23: 11 | D23: Sergio Perez | E23: Red Bull Racing Honda RBPT | F23: 15 | G23: 50 | H23: 63.114 | I23: 1 | J23: No | K23: 0.0011148843
A24: Qatar | B24: NC | C24: 11 | D24: Sergio Perez | E24: Red Bull Racing Honda RBPT | F24: 9 | G24: 38 | H24: DNF | I24: 0 | J24: No | K24: 0.00098712963
A25: Abu Dhabi | B25: NC | C25: 11 | D25: Sergio Perez | E25: Red Bull Racing Honda RBPT | F25: 10 | G25: 0 | H25: DNF | I25: 0 | J25: No

Sheet Max vs Checo
A1: Track | B1: Position | C1: No | D1: Driver | E1: Starting Grid | F1: Laps | G1: Time/Retired | H1: Points | I1: Set Fastest Lap | J1: Fastest Lap Time
A2: Bahrain | B2: 1 | C2: 1 | D2: Max Verstappen | E2: 1 | F2: 57 | G2: 0.063712292 | H2: 26 | I2: Yes | J2: 0.0010718519
A3: Bahrain | B3: 2 | C3: 11 | D3: Sergio Perez | E3: 5 | F3: 57 | G3: 22.457 | H3: 18 | I3: No | J3: 0.0010921759
A4: Saudi Arabia | B4: 1 | C4: 1 | D4: Max Verstappen | E4: 1 | F4: 50 | G4: 0.0560564 | H4: 25 | I4: No | J4: 0.0010621875
A5: Saudi Arabia | B5: 2 | C5: 11 | D5: Sergio Perez | E5: 3 | F5: 50 | G5: 13.643 | H5: 18 | I5: No | J5: 0.0010679745
A6: Australia | B6: 5 | C6: 11 | D6: Sergio Perez | E6: 6 | F6: 58 | G6: 56.309 | H6: 10 | I6: No | J6: 0.00093041667
A7: Australia | B7: NC | C7: 1 | D7: Max Verstappen | E7: 1 | F7: 3 | G7: DNF | H7: 0 | I7: No | J7: 0.00096197917
A8: Japan | B8: 1 | C8: 1 | D8: Max Verstappen | E8: 1 | F8: 53 | G8: 0.079439421 | H8: 26 | I8: Yes | J8: 0.0010845602
A9: Japan | B9: 2 | C9: 11 | D9: Sergio Perez | E9: 2 | F9: 53 | G9: 12.535 | H9: 18 | I9: No | J9: 0.0010873264
A10: China | B10: 1 | C10: 1 | D10: Max Verstappen | E10: 1 | F10: 56 | G10: 0.070052708 | H10: 25 | I10: No | J10: 0.0011389583
A11: China | B11: 3 | C11: 11 | D11: Sergio Perez | E11: 2 | F11: 56 | G11: 19.16 | H11: 15 | I11: No | J11: 0.0011503241
A12: Miami | B12: 2 | C12: 1 | D12: Max Verstappen | E12: 1 | F12: 57 | G12: 7.612 | H12: 18 | I12: No | J12: 0.0010562616
A13: Miami | B13: 4 | C13: 11 | D13: Sergio Perez | E13: 4 | F13: 57 | G13: 14.65 | H13: 12 | I13: No | J13: 0.0010515625
A14: Emilia Romagna | B14: 1 | C14: 1 | D14: Max Verstappen | E14: 1 | F14: 63 | G14: 0.059320046 | H14: 25 | I14: No | J14: 0.00093016204
A15: Emilia Romagna | B15: 8 | C15: 11 | D15: Sergio Perez | E15: 11 | F15: 63 | G15: 54.776 | H15: 4 | I15: No | J15: 0.00092229167
A16: Monaco | B16: 6 | C16: 1 | D16: Max Verstappen | E16: 6 | F16: 78 | G16: 13.853 | H16: 8 | I16: No | J16: 0.00086306713
A17: Monaco | B17: NC | C17: 11 | D17: Sergio Perez | E17: 16 | F17: 0 | G17: DNF | H17: 0 | I17: No
A18: Canada | B18: 1 | C18: 1 | D18: Max Verstappen | E18: 2 | F18: 70 | G18: 0.073471377 | H18: 25 | I18: No | J18: 0.0008746412
A19: Canada | B19: NC | C19: 11 | D19: Sergio Perez | E19: 16 | F19: 51 | G19: DNF | H19: 0 | I19: No | J19: 0.00091225694
A20: Spain | B20: 1 | C20: 1 | D20: Max Verstappen | E20: 2 | F20: 66 | G20: 0.06134522 | H20: 25 | I20: No | J20: 0.00090018519
A21: Spain | B21: 8 | C21: 11 | D21: Sergio Perez | E21: 11 | F21: 66 | G21: 59.524 | H21: 4 | I21: No | J21: 0.00090028935
A22: Austria | B22: 5 | C22: 1 | D22: Max Verstappen | E22: 1 | F22: 71 | G22: 37.253 | H22: 10 | I22: No | J22: 0.00078378472
A23: Austria | B23: 7 | C23: 11 | D23: Sergio Perez | E23: 8 | F23: 71 | G23: 54.672 | H23: 6 | I23: No | J23: 0.00080664352
A24: Great Britain | B24: 2 | C24: 1 | D24: Max Verstappen | E24: 4 | F24: 52 | G24: 1.465 | H24: 18 | I24: No | J24: 0.001029537
A25: Great Britain | B25: 17 | C25: 11 | D25: Sergio Perez | E25: 20 | F25: 50 | G25: +2 laps | H25: 0 | I25: No | J25: 0.0010382755
A26: Hungary | B26: 5 | C26: 1 | D26: Max Verstappen | E26: 3 | F26: 70 | G26: 21.349 | H26: 10 | I26: No | J26: 0.00093643519
A27: Hungary | B27: 7 | C27: 11 | D27: Sergio Perez | E27: 16 | F27: 70 | G27: 39.792 | H27: 6 | I27: No | J27: 0.00093861111
A28: Belgium | B28: 4 | C28: 1 | D28: Max Verstappen | E28: 11 | F28: 44 | G28: 9.226 | H28: 12 | I28: No | J28: 0.0012283333
A29: Belgium | B29: 7 | C29: 11 | D29: Sergio Perez | E29: 2 | F29: 44 | G29: 3.195 | H29: 7 | I29: Yes | J29: 0.0012118171
A30: Netherlands | B30: 2 | C30: 1 | D30: Max Verstappen | E30: 2 | F30: 72 | G30: 22.896 | H30: 18 | I30: No | J30: 0.00086518519
A31: Netherlands | B31: 6 | C31: 11 | D31: Sergio Perez | E31: 5 | F31: 72 | G31: 39.542 | H31: 8 | I31: No | J31: 0.00086327546
A32: Italy | B32: 6 | C32: 1 | D32: Max Verstappen | E32: 7 | F32: 53 | G32: 37.932 | H32: 8 | I32: No | J32: 0.00094612269
A33: Italy | B33: 8 | C33: 11 | D33: Sergio Perez | E33: 8 | F33: 53 | G33: 54.148 | H33: 4 | I33: No | J33: 0.0009603125
A34: Azerbaijan | B34: 5 | C34: 1 | D34: Max Verstappen | E34: 6 | F34: 51 | G34: 77.098 | H34: 10 | I34: No | J34: 0.001236088
A35: Azerbaijan | B35: 17 | C35: 11 | D35: Sergio Perez | E35: 4 | F35: 49 | G35: DNF | H35: 0 | I35: No | J35: 0.0012385764
A36: Singapore | B36: 2 | C36: 1 | D36: Max Verstappen | E36: 2 | F36: 62 | G36: 20.945 | H36: 18 | I36: No | J36: 0.0011107292
A37: Singapore | B37: 10 | C37: 11 | D37: Sergio Perez | E37: 13 | F37: 61 | G37: +1 lap | H37: 1 | I37: No | J37: 0.001128206
A38: United States | B38: 3 | C38: 1 | D38: Max Verstappen | E38: 2 | F38: 56 | G38: 19.412 | H38: 15 | I38: No | J38: 0.0011356134
A39: United States | B39: 7 | C39: 11 | D39: Sergio Perez | E39: 9 | F39: 56 | G39: 59.072 | H39: 6 | I39: No | J39: 0.0011402083
A40: Mexico | B40: 6 | C40: 1 | D40: Max Verstappen | E40: 2 | F40: 71 | G40: 59.558 | H40: 8 | I40: No | J40: 0.00093601852
A41: Mexico | B41: 17 | C41: 11 | D41: Sergio Perez | E41: 18 | F41: 70 | G41: +1 lap | H41: 0 | I41: No | J41: 0.00091677083
A42: Brazil | B42: 1 | C42: 1 | D42: Max Verstappen | E42: 17 | F42: 69 | G42: 0.088129977 | H42: 26 | I42: Yes | J42: 0.00093138889
A43: Brazil | B43: 11 | C43: 11 | D43: Sergio Perez | E43: 12 | F43: 69 | G43: 51.531 | H43: 0 | I43: No | J43: 0.00095072917
A44: Las Vegas | B44: 5 | C44: 1 | D44: Max Verstappen | E44: 5 | F44: 50 | G44: 16.582 | H44: 10 | I44: No | J44: 0.0011139815
A45: Las Vegas | B45: 10 | C45: 11 | D45: Sergio Perez | E45: 15 | F45: 50 | G45: 63.114 | H45: 1 | I45: No | J45: 0.0011148843
A46: Qatar | B46: 1 | C46: 1 | D46: Max Verstappen | E46: 2 | F46: 57 | G46: 0.063256053 | H46: 25 | I46: No | J46: 0.00095954861
A47: Qatar | B47: NC | C47: 11 | D47: Sergio Perez | E47: 9 | F47: 38 | G47: DNF | H47: 0 | I47: No | J47: 0.00098712963
A48: Abu Dhabi | B48: 6 | C48: 1 | D48: Max Verstappen | E48: 4 | F48: 58 | G48: 49.847 | H48: 8 | I48: No | J48: 0.0010157986
A49: Abu Dhabi | B49: NC | C49: 11 | D49: Sergio Perez | E49: 10 | F49: 0 | G49: DNF | H49: 0 | I49: No

Sheet Max vs Checo vs HD
A1: Track | B1: Position | C1: No | D1: Driver | E1: Starting Grid | F1: Laps | G1: Time/Retired | H1: Points | I1: Set Fastest Lap | J1: Fastest Lap Time | L1: Points | M1: Cum points PvM | N1: Cum Points MvH
A2: Bahrain | B2: 1 | C2: 1 | D2: Max Verstappen | E2: 1 | F2: 57 | G2: 0.063712292 | H2: 26 | I2: Yes | J2: 0.0010718519 | L2: 26 | M2: =SUM($L$2:L2) -> 26
A3: Bahrain | B3: 2 | C3: 11 | D3: Sergio Perez | E3: 5 | F3: 57 | G3: 22.457 | H3: 18 | I3: No | J3: 0.0010921759 | L3: 18 | M3: =SUM($L$2:L3) -> 44
A4: Bahrain | D4: Hypothetical Driver | H4: 6 | L4: 25
A5: Saudi Arabia | B5: 1 | C5: 1 | D5: Max Verstappen | E5: 1 | F5: 50 | G5: 0.0560564 | H5: 25 | I5: No | J5: 0.0010621875 | L5: 18 | M5: =SUM($L$2:L5) -> 87
A6: Saudi Arabia | B6: 2 | C6: 11 | D6: Sergio Perez | E6: 3 | F6: 50 | G6: 13.643 | H6: 18 | I6: No | J6: 0.0010679745 | L6: 10 | M6: =SUM($L$2:L6) -> 97
A7: Saudi Arabia | D7: Hypothetical Driver | H7: 6 | L7: 0
A8: Australia | B8: 5 | C8: 11 | D8: Sergio Perez | E8: 6 | F8: 58 | G8: 56.309 | H8: 10 | I8: No | J8: 0.00093041667 | L8: 26 | M8: =SUM($L$2:L8) -> 123
A9: Australia | B9: NC | C9: 1 | D9: Max Verstappen | E9: 1 | F9: 3 | G9: DNF | H9: 0 | I9: No | J9: 0.00096197917 | L9: 18 | M9: =SUM($L$2:L9) -> 141
A10: Australia | D10: Hypothetical Driver | H10: 6 | L10: 25
A11: Japan | B11: 1 | C11: 1 | D11: Max Verstappen | E11: 1 | F11: 53 | G11: 0.079439421 | H11: 26 | I11: Yes | J11: 0.0010845602 | L11: 15 | M11: =SUM($L$2:L11) -> 181
A12: Japan | B12: 2 | C12: 11 | D12: Sergio Perez | E12: 2 | F12: 53 | G12: 12.535 | H12: 18 | I12: No | J12: 0.0010873264 | L12: 18 | M12: =SUM($L$2:L12) -> 199
A13: Japan | D13: Hypothetical Driver | H13: 6 | L13: 12
A14: China | B14: 1 | C14: 1 | D14: Max Verstappen | E14: 1 | F14: 56 | G14: 0.070052708 | H14: 25 | I14: No | J14: 0.0011389583 | L14: 25 | M14: =SUM($L$2:L14) -> 236
A15: China | B15: 3 | C15: 11 | D15: Sergio Perez | E15: 2 | F15: 56 | G15: 19.16 | H15: 15 | I15: No | J15: 0.0011503241 | L15: 4 | M15: =SUM($L$2:L15) -> 240
A16: China | D16: Hypothetical Driver | H16: 6 | L16: 8
A17: Miami | B17: 2 | C17: 1 | D17: Max Verstappen | E17: 1 | F17: 57 | G17: 7.612 | H17: 18 | I17: No | J17: 0.0010562616 | L17: 0 | M17: =SUM($L$2:L17) -> 248
A18: Miami | B18: 4 | C18: 11 | D18: Sergio Perez | E18: 4 | F18: 57 | G18: 14.65 | H18: 12 | I18: No | J18: 0.0010515625 | L18: 25 | M18: =SUM($L$2:L18) -> 273
A19: Miami | D19: Hypothetical Driver | H19: 6 | L19: 0
A20: Emilia Romagna | B20: 1 | C20: 1 | D20: Max Verstappen | E20: 1 | F20: 63 | G20: 0.059320046 | H20: 25 | I20: No | J20: 0.00093016204 | L20: 25 | M20: =SUM($L$2:L20) -> 298
A21: Emilia Romagna | B21: 8 | C21: 11 | D21: Sergio Perez | E21: 11 | F21: 63 | G21: 54.776 | H21: 4 | I21: No | J21: 0.00092229167 | L21: 4 | M21: =SUM($L$2:L21) -> 302
A22: Emilia Romagna | D22: Hypothetical Driver | H22: 6 | L22: 10
A23: Monaco | B23: 6 | C23: 1 | D23: Max Verstappen | E23: 6 | F23: 78 | G23: 13.853 | H23: 8 | I23: No | J23: 0.00086306713 | L23: 6 | M23: =SUM($L$2:L23) -> 318
A24: Monaco | B24: NC | C24: 11 | D24: Sergio Perez | E24: 16 | F24: 0 | G24: DNF | H24: 0 | I24: No | L24: 18 | M24: =SUM($L$2:L24) -> 336
A25: Monaco | D25: Hypothetical Driver | H25: 6 | L25: 0
A26: Canada | B26: 1 | C26: 1 | D26: Max Verstappen | E26: 2 | F26: 70 | G26: 0.073471377 | H26: 25 | I26: No | J26: 0.0008746412 | L26: 10 | M26: =SUM($L$2:L26) -> 346
A27: Canada | B27: NC | C27: 11 | D27: Sergio Perez | E27: 16 | F27: 51 | G27: DNF | H27: 0 | I27: No | J27: 0.00091225694 | L27: 6 | M27: =SUM($L$2:L27) -> 352
A28: Canada | D28: Hypothetical Driver | H28: 6 | L28: 12
A29: Spain | B29: 1 | C29: 1 | D29: Max Verstappen | E29: 2 | F29: 66 | G29: 0.06134522 | H29: 25 | I29: No | J29: 0.00090018519 | L29: 7 | M29: =SUM($L$2:L29) -> 371
A30: Spain | B30: 8 | C30: 11 | D30: Sergio Perez | E30: 11 | F30: 66 | G30: 59.524 | H30: 4 | I30: No | J30: 0.00090028935 | L30: 18 | M30: =SUM($L$2:L30) -> 389
A31: Spain | D31: Hypothetical Driver | H31: 6 | L31: 8
A32: Austria | B32: 5 | C32: 1 | D32: Max Verstappen | E32: 1 | F32: 71 | G32: 37.253 | H32: 10 | I32: No | J32: 0.00078378472 | L32: 8 | M32: =SUM($L$2:L32) -> 405
A33: Austria | B33: 7 | C33: 11 | D33: Sergio Perez | E33: 8 | F33: 71 | G33: 54.672 | H33: 6 | I33: No | J33: 0.00080664352 | L33: 4 | M33: =SUM($L$2:L33) -> 409
A34: Austria | D34: Hypothetical Driver | H34: 6 | L34: 10
A35: Great Britain | B35: 2 | C35: 1 | D35: Max Verstappen | E35: 4 | F35: 52 | G35: 1.465 | H35: 18 | I35: No | J35: 0.001029537 | L35: 0 | M35: =SUM($L$2:L35) -> 419
A36: Great Britain | B36: 17 | C36: 11 | D36: Sergio Perez | E36: 20 | F36: 50 | G36: +2 laps | H36: 0 | I36: No | J36: 0.0010382755 | L36: 18 | M36: =SUM($L$2:L36) -> 437
A37: Great Britain | D37: Hypothetical Driver | H37: 6 | L37: 1
A38: Hungary | B38: 5 | C38: 1 | D38: Max Verstappen | E38: 3 | F38: 70 | G38: 21.349 | H38: 10 | I38: No | J38: 0.00093643519 | L38: 15 | M38: =SUM($L$2:L38) -> 453
A39: Hungary | B39: 7 | C39: 11 | D39: Sergio Perez | E39: 16 | F39: 70 | G39: 39.792 | H39: 6 | I39: No | J39: 0.00093861111 | L39: 6 | M39: =SUM($L$2:L39) -> 459
A40: Hungary | D40: Hypothetical Driver | H40: 6 | L40: 8
A41: Belgium | B41: 4 | C41: 1 | D41: Max Verstappen | E41: 11 | F41: 44 | G41: 9.226 | H41: 12 | I41: No | J41: 0.0012283333 | L41: 0 | M41: =SUM($L$2:L41) -> 467
A42: Belgium | B42: 7 | C42: 11 | D42: Sergio Perez | E42: 2 | F42: 44 | G42: 3.195 | H42: 7 | I42: Yes | J42: 0.0012118171 | L42: 26 | M42: =SUM($L$2:L42) -> 493
A43: Belgium | D43: Hypothetical Driver | H43: 6 | L43: 0
A44: Netherlands | B44: 2 | C44: 1 | D44: Max Verstappen | E44: 2 | F44: 72 | G44: 22.896 | H44: 18 | I44: No | J44: 0.00086518519 | L44: 10 | M44: =SUM($L$2:L44) -> 503
A45: Netherlands | B45: 6 | C45: 11 | D45: Sergio Perez | E45: 5 | F45: 72 | G45: 39.542 | H45: 8 | I45: No | J45: 0.00086327546 | L45: 1 | M45: =SUM($L$2:L45) -> 504
A46: Netherlands | D46: Hypothetical Driver | H46: 6 | L46: 25
A47: Italy | B47: 6 | C47: 1 | D47: Max Verstappen | E47: 7 | F47: 53 | G47: 37.932 | H47: 8 | I47: No | J47: 0.00094612269 | L47: 0 | M47: =SUM($L$2:L47) -> 529
A48: Italy | B48: 8 | C48: 11 | D48: Sergio Perez | E48: 8 | F48: 53 | G48: 54.148 | H48: 4 | I48: No | J48: 0.0009603125 | L48: 8 | M48: =SUM($L$2:L48) -> 537
A49: Italy | D49: Hypothetical Driver | H49: 6 | L49: 0
A50: Azerbaijan | B50: 5 | C50: 1 | D50: Max Verstappen | E50: 6 | F50: 51 | G50: 77.098 | H50: 10 | I50: No | J50: 0.001236088
A51: Azerbaijan | B51: 17 | C51: 11 | D51: Sergio Perez | E51: 4 | F51: 49 | G51: DNF | H51: 0 | I51: No | J51: 0.0012385764 | M51: =SUM($L$2:L51) -> 537
A52: Azerbaijan | D52: Hypothetical Driver | H52: 6
A53: Singapore | B53: 2 | C53: 1 | D53: Max Verstappen | E53: 2 | F53: 62 | G53: 20.945 | H53: 18 | I53: No | J53: 0.0011107292 | M53: =SUM($L$2:L53) -> 537
A54: Singapore | B54: 10 | C54: 11 | D54: Sergio Perez | E54: 13 | F54: 61 | G54: +1 lap | H54: 1 | I54: No | J54: 0.001128206 | M54: =SUM($L$2:L54) -> 537
A55: Singapore | D55: Hypothetical Driver | H55: 6
A56: United States | B56: 3 | C56: 1 | D56: Max Verstappen | E56: 2 | F56: 56 | G56: 19.412 | H56: 15 | I56: No | J56: 0.0011356134 | M56: =SUM($L$2:L56) -> 537
A57: United States | B57: 7 | C57: 11 | D57: Sergio Perez | E57: 9 | F57: 56 | G57: 59.072 | H57: 6 | I57: No | J57: 0.0011402083 | M57: =SUM($L$2:L57) -> 537
A58: United States | D58: Hypothetical Driver | H58: 6
A59: Mexico | B59: 6 | C59: 1 | D59: Max Verstappen | E59: 2 | F59: 71 | G59: 59.558 | H59: 8 | I59: No | J59: 0.00093601852 | M59: =SUM($L$2:L59) -> 537
A60: Mexico | B60: 17 | C60: 11 | D60: Sergio Perez | E60: 18 | F60: 70 | G60: +1 lap | H60: 0 | I60: No | J60: 0.00091677083 | M60: =SUM($L$2:L60) -> 537
A61: Mexico | D61: Hypothetical Driver | H61: 6
A62: Brazil | B62: 1 | C62: 1 | D62: Max Verstappen | E62: 17 | F62: 69 | G62: 0.088129977 | H62: 26 | I62: Yes | J62: 0.00093138889 | M62: =SUM($L$2:L62) -> 537
A63: Brazil | B63: 11 | C63: 11 | D63: Sergio Perez | E63: 12 | F63: 69 | G63: 51.531 | H63: 0 | I63: No | J63: 0.00095072917 | M63: =SUM($L$2:L63) -> 537
A64: Brazil | D64: Hypothetical Driver | H64: 6
A65: Las Vegas | B65: 5 | C65: 1 | D65: Max Verstappen | E65: 5 | F65: 50 | G65: 16.582 | H65: 10 | I65: No | J65: 0.0011139815 | M65: =SUM($L$2:L65) -> 537
A66: Las Vegas | B66: 10 | C66: 11 | D66: Sergio Perez | E66: 15 | F66: 50 | G66: 63.114 | H66: 1 | I66: No | J66: 0.0011148843 | M66: =SUM($L$2:L66) -> 537
A67: Las Vegas | D67: Hypothetical Driver | H67: 6
A68: Qatar | B68: 1 | C68: 1 | D68: Max Verstappen | E68: 2 | F68: 57 | G68: 0.063256053 | H68: 25 | I68: No | J68: 0.00095954861 | M68: =SUM($L$2:L68) -> 537
A69: Qatar | B69: NC | C69: 11 | D69: Sergio Perez | E69: 9 | F69: 38 | G69: DNF | H69: 0 | I69: No | J69: 0.00098712963 | M69: =SUM($L$2:L69) -> 537
A70: Qatar | D70: Hypothetical Driver | H70: 6
A71: Abu Dhabi | B71: 6 | C71: 1 | D71: Max Verstappen | E71: 4 | F71: 58 | G71: 49.847 | H71: 8 | I71: No | J71: 0.0010157986 | M71: =SUM($L$2:L71) -> 537
A72: Abu Dhabi | B72: NC | C72: 11 | D72: Sergio Perez | E72: 10 | F72: 0 | G72: DNF | H72: 0 | I72: No | M72: =SUM($L$2:L72) -> 537
A73: Abu Dhabi | D73: Hypothetical Driver | H73: 6 | N73: =SUM($H$2:H73) -> 681
